{"_wandb":{"runtime":314},"final_dice":0.7836147727835869,"trial":7,"_timestamp":1.7646799057153575e+09,"_runtime":313.438253874,"_step":0}