{"trial":0,"_timestamp":1.7611559437151122e+09,"_wandb":{"runtime":4},"_runtime":4.325465672,"_step":2,"final_dice":0}