{"_runtime":2056.232270805,"_wandb":{"runtime":2056},"_step":0,"final_dice":0.7375032983092359,"trial":22,"_timestamp":1.756163107941303e+09}