{"final_dice":0.7481235355280396,"trial":25,"_timestamp":1.7561661398024492e+09,"_runtime":892.932348509,"_step":0,"_wandb":{"runtime":892}}