{"final_dice":0.645581537894145,"trial":0,"_timestamp":1.7515295755617397e+09,"_runtime":2839.439355663,"_step":0,"_wandb":{"runtime":2840}}