{"trial":5,"_timestamp":1.7657466647312632e+09,"_runtime":3084.055217135,"_step":0,"_wandb":{"runtime":3084},"final_dice":0.6140970868849686}