{"_step":0,"final_dice":0.7657103589370268,"trial":33,"_timestamp":1.7624256681838415e+09,"_wandb":{"runtime":691},"_runtime":691.568207194}