{"_timestamp":1.7515648406833575e+09,"_wandb":{"runtime":399},"_runtime":399.912966144,"_step":0,"final_dice":0.6646246517502422,"trial":35}