{"_runtime":493.124317724,"_step":0,"final_dice":0.5236102745603889,"trial":13,"_wandb":{"runtime":493},"_timestamp":1.7612397461516502e+09}