{"trial":16,"_timestamp":1.7558903381605241e+09,"_wandb":{"runtime":2375},"_runtime":2375.609862095,"_step":0,"final_dice":0.6248505847997458}