{"_wandb":{"runtime":2202},"_timestamp":1.7647101446242933e+09,"_runtime":2202.314982412,"_step":0,"final_dice":0.832435518705161,"trial":18}