{"_timestamp":1.765079337838884e+09,"_runtime":4764.806430939,"_step":0,"_wandb":{"runtime":4765},"final_dice":0.6689805547489402,"trial":11}