{"final_dice":0.10134826777129928,"trial":6,"_timestamp":1.7612413751036668e+09,"_runtime":13257.806284854,"_step":0,"_wandb":{"runtime":13258}}