{"_wandb":{"runtime":32812},"final_dice":0.7453794527042117,"trial":17,"_timestamp":1.766030279062334e+09,"_runtime":32812.269033371,"_step":0}