{"trial":20,"_timestamp":1.7578897808863416e+09,"_runtime":360.610568273,"_wandb":{"runtime":360},"_step":0,"final_dice":0.3399985094957541}