{"_runtime":15519.759519025,"_step":0,"_wandb":{"runtime":15520},"final_dice":0.7760333868686522,"trial":4,"_timestamp":1.7652854353414857e+09}