{"_wandb":{"runtime":7772},"_timestamp":1.7626629510367582e+09,"_runtime":7772.086390863,"_step":0,"final_dice":0.5364995134860978,"trial":21}