{"_timestamp":1.7561601161827712e+09,"_runtime":2016.664051065,"_step":0,"_wandb":{"runtime":2016},"final_dice":0.7457062170617507,"trial":19}