{"_step":0,"_wandb":{"runtime":14040},"final_dice":0.7640028461411333,"trial":9,"_timestamp":1.764477199407156e+09,"_runtime":14039.99432}