{"final_dice":0.7381609783957304,"_wandb":{"runtime":494},"trial":29,"_timestamp":1.751559916601891e+09,"_runtime":494.317278481,"_step":0}