{"trial":25,"_wandb":{"runtime":727},"_timestamp":1.755900222633953e+09,"_runtime":727.490232122,"_step":0,"final_dice":0.7213591589476188}