{"_runtime":901.065263885,"_step":0,"_wandb":{"runtime":901},"final_dice":0.7955173118862111,"trial":15,"_timestamp":1.7654473644287956e+09}