{"_timestamp":1.7624149629979568e+09,"_runtime":630.272517692,"_step":0,"_wandb":{"runtime":630},"final_dice":0.7614874966750542,"trial":25}