{"_runtime":3043.13880758,"_step":0,"_wandb":{"runtime":3043},"final_dice":0.7169060568028633,"trial":16,"_timestamp":1.7561534464590945e+09}