{"_timestamp":1.7624061775151339e+09,"_runtime":935.932363562,"_wandb":{"runtime":935},"_step":0,"final_dice":0.773557863315223,"trial":22}