{"_timestamp":1.7649988004249697e+09,"_runtime":258.997043865,"_step":0,"final_dice":0.8027612952711385,"_wandb":{"runtime":260},"trial":10}