{"final_dice":0.7511230161387531,"trial":34,"_wandb":{"runtime":1524},"_timestamp":1.754437939898448e+09,"_runtime":1524.062993931,"_step":0}