{"trial":8,"_timestamp":1.7650069492940319e+09,"_runtime":168.78474384,"_step":0,"_wandb":{"runtime":169},"final_dice":0.8316927726201506}