{"_wandb":{"runtime":489},"final_dice":0.6906455298098606,"trial":32,"_timestamp":1.762424975630979e+09,"_runtime":489.857985898,"_step":0}