{"final_dice":0.8454060744378883,"trial":33,"_timestamp":1.764471453625251e+09,"_runtime":3127.607061448,"_step":0,"_wandb":{"runtime":3128}}