{"trial":7,"_timestamp":1.762447638836938e+09,"_runtime":544.558574542,"_wandb":{"runtime":544},"_step":0,"final_dice":0.5456908198361828}