{"final_dice":0.8416954757782872,"trial":1,"_timestamp":1.764369202601304e+09,"_runtime":9373.632864589,"_step":0,"_wandb":{"runtime":9375}}