{"trial":14,"_timestamp":1.764598051215851e+09,"_runtime":18574.762821554,"_wandb":{"runtime":18575},"_step":0,"final_dice":0.7933025428083611}