{"trial":8,"_timestamp":1.7646757511608617e+09,"_runtime":5215.140855495,"_step":0,"_wandb":{"runtime":5215},"final_dice":0.6026649639429559}