{"_wandb":{"runtime":2060},"_timestamp":1.7647595074851027e+09,"_runtime":2060.675482269,"_step":0,"final_dice":0.8344709272412458,"trial":34}