{"_runtime":3924.401938081,"_step":0,"final_dice":0.6354609628987101,"trial":3,"_timestamp":1.7649898570812178e+09,"_wandb":{"runtime":3936}}