{"_wandb":{"runtime":3200},"trial":22,"_timestamp":1.7644513029775329e+09,"_runtime":3200.452428052,"_step":0,"final_dice":0.8526195794609913}