{"_wandb":{"runtime":2212},"final_dice":0.7690253049135821,"trial":29,"_timestamp":1.7544290531106908e+09,"_runtime":2212.169134359,"_step":0}