{"trial":8,"_timestamp":1.765074571099713e+09,"_wandb":{"runtime":46},"_runtime":45.388359504,"_step":0,"final_dice":0.8425048842318147}