{"_step":0,"_wandb":{"runtime":621},"final_dice":0.5168973867784725,"trial":3,"_timestamp":1.7561324959541762e+09,"_runtime":621.662274054}