{"_step":0,"_wandb":{"runtime":2851},"final_dice":0.8496421304692067,"trial":25,"_timestamp":1.764457770176118e+09,"_runtime":2851.273426511}