{"_wandb":{"runtime":403},"_runtime":403.053381592,"_step":0,"final_dice":0.7206487015269859,"trial":24,"_timestamp":1.7624143319732864e+09}