{"_wandb":{"runtime":231},"final_dice":0.5716134476192974,"trial":6,"_timestamp":1.754395006852598e+09,"_runtime":229.939630776,"_step":0}