{"_wandb":{"runtime":14203},"final_dice":0.5359507526553068,"trial":1,"_timestamp":1.7611560814553514e+09,"_runtime":14203.7869858,"_step":1}