{"_runtime":722.209799402,"_step":0,"_wandb":{"runtime":722},"final_dice":0.7538713105608663,"trial":19,"_timestamp":1.7558941342351398e+09}