{"_timestamp":1.7543822233047812e+09,"_runtime":121.97274657,"_wandb":{"runtime":122},"_step":0,"final_dice":0.6963865916698078,"trial":3}