{"trial":0,"_timestamp":1.754375492424231e+09,"_runtime":3796.254773958,"_wandb":{"runtime":10527},"_step":0,"final_dice":0.24546043995343442}