{"_runtime":13060.721105232,"_step":0,"_wandb":{"runtime":13061},"final_dice":0.5443070453417039,"trial":12,"_timestamp":1.7625516923766813e+09}