{"_runtime":778.870019733,"_step":0,"final_dice":0.7679260845489291,"_wandb":{"runtime":778},"trial":30,"_timestamp":1.7561700469738388e+09}