{"_step":0,"final_dice":0.7988961169127521,"trial":13,"_timestamp":1.765937966292644e+09,"_runtime":34650.334825901,"_wandb":{"runtime":34650}}