{"_timestamp":1.7594915608856885e+09,"_runtime":110.811986082,"_step":0,"_wandb":{"runtime":111},"final_dice":0.9487766915583847,"trial":3}