{"_timestamp":1.764731923110053e+09,"_runtime":3693.147085265,"_step":0,"_wandb":{"runtime":3693},"final_dice":0.843409569835523,"trial":25}