{"final_dice":0.6801927076398565,"trial":6,"_timestamp":1.761486984030904e+09,"_runtime":1179.07455288,"_step":0,"_wandb":{"runtime":1179}}