{"_runtime":5564.277779726,"_step":0,"_wandb":{"runtime":5565},"final_dice":0.7637085296815206,"trial":7,"_timestamp":1.7650067777455742e+09}