{"_step":0,"final_dice":0.6290363788106993,"trial":34,"_wandb":{"runtime":2},"_timestamp":1.757900657787797e+09,"_runtime":2.142412614}