{"_wandb":{"runtime":8062},"_step":0,"final_dice":0.4578866762964328,"trial":19,"_timestamp":1.7626492356237724e+09,"_runtime":8061.379626994}