{"trial":4,"_timestamp":1.764389605088385e+09,"_wandb":{"runtime":475},"_runtime":475.501390919,"_step":0,"final_dice":0.8223677847628259}