{"_step":0,"_wandb":{"runtime":3433},"final_dice":0.8438960535554857,"trial":37,"_timestamp":1.7647693466387668e+09,"_runtime":3432.651852258}