{"final_dice":0.5123918308432163,"trial":10,"_timestamp":1.7612317948989763e+09,"_runtime":273.25490052,"_step":0,"_wandb":{"runtime":273}}