{"_step":0,"final_dice":0.6374919841195501,"trial":9,"_timestamp":1.7646765463640685e+09,"_wandb":{"runtime":793},"_runtime":793.692097991}