{"final_dice":0.7957962466487936,"trial":4,"_timestamp":1.7644451370973861e+09,"_runtime":11925.496985349,"_wandb":{"runtime":11925},"_step":0}