{"_wandb":{"runtime":4599},"trial":5,"_timestamp":1.762389447727371e+09,"_runtime":4598.534004971,"_step":0,"final_dice":0.545897466650675}