{"_timestamp":1.7544458862548969e+09,"_runtime":522.646103678,"_step":0,"_wandb":{"runtime":522},"final_dice":0.313891339292473,"trial":43}