{"_runtime":1278.143941412,"_step":0,"final_dice":0.7311536261295658,"trial":24,"_wandb":{"runtime":1278},"_timestamp":1.7578938182810056e+09}