{"final_dice":0.7108558379322872,"trial":0,"_timestamp":1.7649598364528794e+09,"_runtime":18288.785893333,"_wandb":{"runtime":18288},"_step":0}