{"_runtime":565.784135193,"_step":0,"_wandb":{"runtime":565},"final_dice":0.7414353595171401,"trial":28,"_timestamp":1.7544353425305667e+09}