{"_wandb":{"runtime":2372},"final_dice":0.7581642247670372,"trial":37,"_timestamp":1.7624239254786506e+09,"_runtime":2371.907537125,"_step":0}