{"_runtime":2378.316971793,"_step":0,"_wandb":{"runtime":2378},"final_dice":0.3800103220087143,"trial":14,"_timestamp":1.7558872618074248e+09}