{"final_dice":0.7076214519556682,"trial":4,"_timestamp":1.765001212079567e+09,"_wandb":{"runtime":122},"_runtime":122.066503343,"_step":0}