{"_wandb":{"runtime":3459},"_timestamp":1.7646534790039134e+09,"_runtime":3459.524504184,"_step":0,"final_dice":0.7984899896422692,"trial":19}