{"_runtime":18532.300153455,"_step":1,"final_dice":0.3391522557416398,"trial":7,"_timestamp":1.7616025183334627e+09,"_wandb":{"runtime":18532}}