{"_runtime":8092.904914148,"_step":0,"final_dice":0.2505475709294777,"_wandb":{"runtime":8093},"trial":17,"_timestamp":1.7626352090537963e+09}