{"_runtime":2145.364994851,"_wandb":{"runtime":2145},"_step":0,"final_dice":0.6826230958533629,"trial":19,"_timestamp":1.7647122919171925e+09}