{"_runtime":642.310155478,"_step":0,"_wandb":{"runtime":642},"final_dice":0.7380431049002614,"trial":23,"_timestamp":1.7561637518000379e+09}