{"_timestamp":1.7646591408454978e+09,"_runtime":21333.34316013,"_step":0,"_wandb":{"runtime":21333},"final_dice":0.7681165329455345,"trial":17}