{"_step":0,"_wandb":{"runtime":14402},"final_dice":0.5710358780200379,"trial":15,"_timestamp":1.7626074363838e+09,"_runtime":14402.302479256}