{"_timestamp":1.7561821854539275e+09,"_runtime":872.369872658,"_step":0,"_wandb":{"runtime":872},"final_dice":0.4809972430029584,"trial":43}