{"_runtime":185.641141197,"_step":0,"_wandb":{"runtime":185},"final_dice":0.7134165908439628,"trial":39,"_timestamp":1.755920828024782e+09}