{"trial":38,"_timestamp":1.7561770524648542e+09,"_runtime":744.282992095,"_step":0,"_wandb":{"runtime":744},"final_dice":0.7614358979763635}