{"_step":0,"_wandb":{"runtime":4326},"final_dice":0.339502259693654,"trial":10,"_timestamp":1.7648743898772345e+09,"_runtime":4326.604091948}