{"trial":2,"_timestamp":1.7614770842007804e+09,"_wandb":{"runtime":4921},"_runtime":4921.237563278,"_step":1,"final_dice":0.09000611687517289}