{"_wandb":{"runtime":14121},"_runtime":14120.921253522,"_step":0,"final_dice":0.8037426872077583,"trial":10,"_timestamp":1.7658543362310514e+09}