{"_timestamp":1.7648512972928236e+09,"_runtime":1.420653658,"_step":0,"_wandb":{"runtime":1},"final_dice":0,"trial":11}