{"final_dice":0.5155726903245892,"_wandb":{"runtime":75},"trial":7,"_timestamp":1.7614907315084047e+09,"_runtime":75.630155809,"_step":0}