{"trial":22,"_timestamp":1.7515554640714178e+09,"_runtime":1216.240692772,"_step":0,"final_dice":0.7584785155927672,"_wandb":{"runtime":1216}}