{"trial":3,"_wandb":{"runtime":9770},"_timestamp":1.7643793345467832e+09,"_runtime":9770.807964649,"_step":0,"final_dice":0.7409697590686201}