{"_timestamp":1.7578837772028747e+09,"_runtime":153.853065342,"_step":0,"_wandb":{"runtime":153},"final_dice":0.7308482853477986,"trial":14}