{"_step":0,"final_dice":0.6613636699853543,"trial":40,"_timestamp":1.762445004265074e+09,"_wandb":{"runtime":487},"_runtime":487.06173892}