{"_runtime":423.918619877,"_step":0,"_wandb":{"runtime":423},"final_dice":0.7656180817367019,"trial":31,"_timestamp":1.75156206584643e+09}