{"_timestamp":1.7645774842391138e+09,"_runtime":5070.627322694,"_step":0,"_wandb":{"runtime":5071},"final_dice":0.784905363370514,"trial":15}