{"_timestamp":1.7561137643866398e+09,"_runtime":3187.838990926,"_step":0,"_wandb":{"runtime":3187},"final_dice":0.6692251691701757,"trial":4}