{"_wandb":{"runtime":4511},"_step":0,"final_dice":0.6936762429974245,"trial":4,"_timestamp":1.7646700525035594e+09,"_runtime":4510.856694209}