{"_step":0,"_wandb":{"runtime":222},"final_dice":0.7282808160108987,"trial":7,"_timestamp":1.7650776351588542e+09,"_runtime":222.022925916}