{"_step":0,"final_dice":0.2994253152671879,"trial":2,"_wandb":{"runtime":9},"_timestamp":1.761223355177587e+09,"_runtime":9.662307522999999}