{"_timestamp":1.754399337222733e+09,"_runtime":506.606212592,"_step":0,"_wandb":{"runtime":506},"final_dice":0.555913331704835,"trial":11}