{"_wandb":{"runtime":2118},"final_dice":0.7461933759581068,"trial":0,"_timestamp":1.7561190877269785e+09,"_runtime":2117.727065022,"_step":0}