{"_step":0,"final_dice":0.7068619765555211,"trial":27,"_wandb":{"runtime":2881},"_timestamp":1.7644609921806211e+09,"_runtime":2881.624084917}