{"_step":0,"final_dice":0.39411241206405284,"trial":2,"_timestamp":1.764865687288863e+09,"_wandb":{"runtime":279},"_runtime":278.935557116}