{"final_dice":0.7242303465261318,"trial":20,"_wandb":{"runtime":141},"_timestamp":1.751553121725227e+09,"_runtime":141.480655769,"_step":0}