{"trial":11,"_timestamp":1.7625382586676207e+09,"_runtime":13886.149965711,"_step":0,"_wandb":{"runtime":13886},"final_dice":0.3643278107988828}