{"_wandb":{"runtime":806},"_timestamp":1.7656768039046893e+09,"_runtime":806.421116379,"_step":0,"final_dice":0.7419290874074311,"trial":0}