{"_timestamp":1.757889419061469e+09,"_runtime":293.363470243,"_wandb":{"runtime":293},"_step":0,"final_dice":0.35092177396009683,"trial":19}