{"_timestamp":1.761197698002219e+09,"_runtime":12706.534907776,"_step":0,"_wandb":{"runtime":12707},"final_dice":0.5125829089326792,"trial":2}