{"_step":0,"final_dice":0.349383573905893,"_wandb":{"runtime":405},"trial":10,"_timestamp":1.7650918600875537e+09,"_runtime":404.657665641}