{"_step":3,"final_dice":0.6727214323745154,"trial":47,"_timestamp":1.762454507581243e+09,"_wandb":{"runtime":4256},"_runtime":4256.626523376}