{"final_dice":0.5436034896185143,"trial":23,"_timestamp":1.7626179598993633e+09,"_runtime":13249.263638799,"_step":1,"_wandb":{"runtime":13249}}