{"_wandb":{"runtime":31},"final_dice":0.6564634399072273,"trial":5,"_timestamp":1.7644398872786653e+09,"_runtime":31.293743809,"_step":0}