{"trial":10,"_timestamp":1.7658827131687446e+09,"_runtime":39865.735950488,"_wandb":{"runtime":39866},"_step":0,"final_dice":0.7800202128039522}