{"trial":2,"_timestamp":1.7603837382936308e+09,"_runtime":81.166242439,"_wandb":{"runtime":150},"_step":0,"final_dice":0}