{"_timestamp":1.7657268372086122e+09,"_runtime":50032.372190505,"_step":0,"final_dice":0.7574353465053638,"trial":2,"_wandb":{"runtime":50033}}