{"trial":24,"_timestamp":1.7544247110143902e+09,"_runtime":7858.156535105,"_step":0,"_wandb":{"runtime":7859},"final_dice":0.7362694427300978}