{"_wandb":{"runtime":13094},"final_dice":0.45749337940898743,"trial":2,"_timestamp":1.7623833570090852e+09,"_runtime":13094.386154643,"_step":0}