{"_runtime":3072.726846677,"_step":0,"_wandb":{"runtime":3072},"final_dice":0.6576029442157764,"trial":5,"_timestamp":1.7578686194721746e+09}