{"_wandb":{"runtime":12656},"trial":10,"_timestamp":1.7653889480167627e+09,"_runtime":12654.776385518,"_step":0,"final_dice":0.7752208661361754}