{"_step":0,"_wandb":{"runtime":18274},"final_dice":0.769190468855621,"trial":18,"_timestamp":1.764677417059361e+09,"_runtime":18273.723281586}