{"final_dice":0.8449121170239088,"trial":32,"_timestamp":1.7647535348157296e+09,"_runtime":3849.870067322,"_step":0,"_wandb":{"runtime":3850}}