{"_wandb":{"runtime":149},"final_dice":0.7660159147616158,"trial":28,"_timestamp":1.7624118317556207e+09,"_runtime":149.311314954,"_step":0}