{"final_dice":0.7727136303219997,"trial":18,"_timestamp":1.7624067400633438e+09,"_runtime":2073.614886885,"_wandb":{"runtime":2073},"_step":0}