{"_runtime":13939.500828481,"_step":0,"final_dice":0.5497264510906879,"trial":16,"_timestamp":1.7626213779331572e+09,"_wandb":{"runtime":13939}}