{"trial":16,"_timestamp":1.7544037771904252e+09,"_runtime":526.400972444,"_step":0,"_wandb":{"runtime":526},"final_dice":0.581626787561918}