{"_runtime":18933.788568775,"_step":0,"_wandb":{"runtime":18933},"final_dice":0.07355756217155358,"trial":3,"_timestamp":1.7615098743932722e+09}