{"_step":0,"_wandb":{"runtime":768},"final_dice":0.7568268780046439,"trial":34,"_timestamp":1.756173537903293e+09,"_runtime":768.692267128}