{"final_dice":0.5865519681073408,"trial":7,"_timestamp":1.762393888265548e+09,"_runtime":4438.909111744,"_step":0,"_wandb":{"runtime":4439}}