{"_step":0,"final_dice":0.7286482439331158,"trial":18,"_timestamp":1.7561652458098238e+09,"_wandb":{"runtime":1131},"_runtime":1131.408392127}