{"_runtime":3925.648758192,"_step":0,"_wandb":{"runtime":3925},"final_dice":0.8370910464918938,"trial":20,"_timestamp":1.7647162196221564e+09}