{"final_dice":0.5509513248511732,"trial":7,"_timestamp":1.7612274615523057e+09,"_runtime":37.408455563,"_step":0,"_wandb":{"runtime":37}}