{"final_dice":0,"trial":10,"_timestamp":1.7648512948674822e+09,"_runtime":40.137404233,"_wandb":{"runtime":40},"_step":0}