{"trial":31,"_wandb":{"runtime":3084},"_timestamp":1.764468204322597e+09,"_runtime":3084.850969969,"_step":0,"final_dice":0.8260680003969998}