{"_runtime":1.457262107,"_wandb":{"runtime":1},"_step":1,"final_dice":0,"trial":11,"_timestamp":1.7594220428582473e+09}