{"_runtime":1135.354168289,"_step":0,"final_dice":0.6830099565336207,"trial":4,"_wandb":{"runtime":1135},"_timestamp":1.7558771281374216e+09}