{"_wandb":{"runtime":6},"_step":2,"final_dice":0,"trial":3,"_timestamp":1.7605330841569345e+09,"_runtime":6.189063656}