{"final_dice":0.548741095627965,"trial":8,"_timestamp":1.7614907518202388e+09,"_runtime":19.188983334,"_wandb":{"runtime":19},"_step":0}