{"final_dice":0.39516376748689525,"trial":41,"_timestamp":1.7559244162328243e+09,"_runtime":2717.387924585,"_step":0,"_wandb":{"runtime":2717}}