{"_timestamp":1.7543988271221788e+09,"_runtime":2175.220816563,"_step":0,"_wandb":{"runtime":2177},"final_dice":0.6119161423559448,"trial":13}