{"final_dice":0.5111011704217935,"trial":1,"_timestamp":1.7515327538223355e+09,"_wandb":{"runtime":3177},"_runtime":3176.338643951,"_step":0}