{"_runtime":469.637133633,"_step":0,"final_dice":0.24453636970658943,"trial":39,"_wandb":{"runtime":469},"_timestamp":1.751567998915674e+09}