{"final_dice":0.8056454942180029,"trial":10,"_timestamp":1.7646903961672406e+09,"_runtime":4993.361750488,"_step":0,"_wandb":{"runtime":4993}}