{"trial":7,"_timestamp":1.75154280512842e+09,"_runtime":2105.96813661,"_step":0,"final_dice":0.60803252893798,"_wandb":{"runtime":2106}}