{"_runtime":242.534704866,"_step":0,"_wandb":{"runtime":242},"final_dice":0.8570965962055701,"trial":39,"_timestamp":1.7647740153975666e+09}