{"_runtime":6099.939845417,"_step":0,"final_dice":0.22697201738497016,"trial":1,"_timestamp":1.764995014511522e+09,"_wandb":{"runtime":6124}}