{"trial":24,"_timestamp":1.7647282280968375e+09,"_runtime":3900.125787756,"_wandb":{"runtime":3900},"_step":0,"final_dice":0.833006775404539}