{"trial":6,"_timestamp":1.7558720184201288e+09,"_runtime":406.616936331,"_step":0,"_wandb":{"runtime":406},"final_dice":0.2884879237205192}