{"_timestamp":1.7623792660530357e+09,"_wandb":{"runtime":792},"_runtime":791.020726267,"_step":0,"final_dice":0.45599059705226896,"trial":1}