{"final_dice":0.837092547616004,"trial":26,"_timestamp":1.7647340604249177e+09,"_runtime":2135.6312687,"_step":0,"_wandb":{"runtime":2135}}