{"_step":0,"final_dice":0.5608494174148889,"_wandb":{"runtime":14974},"trial":5,"_timestamp":1.7625092112280412e+09,"_runtime":14974.098972496}