{"_timestamp":1.7544453622039158e+09,"_runtime":1493.510791042,"_step":0,"final_dice":0.33381164013441245,"_wandb":{"runtime":1493},"trial":42}