{"_runtime":757.188999597,"_step":0,"_wandb":{"runtime":757},"final_dice":0.7605326685218186,"trial":16,"_timestamp":1.76239850970172e+09}