{"final_dice":0.7054104153889236,"_wandb":{"runtime":361},"trial":2,"_timestamp":1.7623762356277235e+09,"_runtime":360.90820606,"_step":0}