{"_step":0,"final_dice":0.6780813849266306,"trial":9,"_wandb":{"runtime":199},"_timestamp":1.7578810461893613e+09,"_runtime":199.506255932}