{"_runtime":1108.104948672,"_step":0,"final_dice":0.758207416810353,"_wandb":{"runtime":1108},"trial":36,"_timestamp":1.7624215521909275e+09}