{"_timestamp":1.7644549175758135e+09,"_runtime":357.663588103,"_step":0,"_wandb":{"runtime":357},"final_dice":0.8502160759068773,"trial":24}