{"_wandb":{"runtime":136},"final_dice":0.784463915447144,"trial":0,"_timestamp":1.765673386567749e+09,"_runtime":136.748677571,"_step":0}