{"_step":0,"final_dice":0.8002499805477071,"trial":12,"_wandb":{"runtime":18016},"_timestamp":1.7645579994092267e+09,"_runtime":18015.612792228}