{"trial":2,"_timestamp":1.764990472040829e+09,"_runtime":602.299639827,"_step":0,"final_dice":0.07318505754988408,"_wandb":{"runtime":603}}