{"_step":0,"_wandb":{"runtime":358},"final_dice":0.26393190656947907,"trial":39,"_timestamp":1.7579038152996216e+09,"_runtime":358.19395278}