{"_runtime":464.248937741,"_step":0,"final_dice":0.5829882344339943,"_wandb":{"runtime":465},"trial":2,"_timestamp":1.7561376615911055e+09}