{"trial":41,"_timestamp":1.764773771450784e+09,"_runtime":2291.24325251,"_step":0,"final_dice":0.7317668638334723,"_wandb":{"runtime":2291}}