{"_timestamp":1.7652453770302775e+09,"_runtime":12808.446511168,"_step":0,"_wandb":{"runtime":12810},"final_dice":0.6786609663354666,"trial":0}