{"_wandb":{"runtime":2243},"final_dice":0.5010028323828986,"trial":6,"_timestamp":1.751540697769073e+09,"_runtime":2242.853010496,"_step":0}