{"_step":0,"final_dice":0.6961884278872662,"trial":40,"_timestamp":1.7559216975933332e+09,"_wandb":{"runtime":868},"_runtime":868.419875967}