{"_runtime":131.362968826,"_step":0,"final_dice":0.6060079788914103,"trial":0,"_timestamp":1.764368247751278e+09,"_wandb":{"runtime":131}}