{"_step":0,"_wandb":{"runtime":2040},"final_dice":0.49409870133666944,"trial":26,"_timestamp":1.762417005720413e+09,"_runtime":2040.554667476}