{"_wandb":{"runtime":4606},"final_dice":0.7630093662571463,"trial":4,"_timestamp":1.7650687820694675e+09,"_runtime":4606.334816275,"_step":0}