{"_step":0,"final_dice":0.32040867567170006,"_wandb":{"runtime":856},"trial":39,"_timestamp":1.7561779096829855e+09,"_runtime":856.005279364}