{"trial":47,"_timestamp":1.7559299504012256e+09,"_runtime":2507.695805436,"_step":2,"final_dice":0.7465586178307324,"_wandb":{"runtime":2507}}