{"_runtime":315.576432294,"_step":0,"_wandb":{"runtime":315},"final_dice":0.8666606918802653,"trial":28,"_timestamp":1.76446130939105e+09}