{"trial":8,"_timestamp":1.7648813225107927e+09,"_runtime":92.533102758,"_step":0,"_wandb":{"runtime":92},"final_dice":0.6531370431646836}