{"_step":0,"_wandb":{"runtime":7850},"final_dice":0.2855824952990932,"trial":10,"_timestamp":1.7625730904679728e+09,"_runtime":7849.213453965}