{"_wandb":{"runtime":577},"final_dice":0.6987129573346863,"trial":13,"_timestamp":1.7561571239699662e+09,"_runtime":577.601935001,"_step":0}