{"trial":4,"_timestamp":1.761565576995746e+09,"_runtime":19234.872741515,"_step":0,"final_dice":0.15821628750636163,"_wandb":{"runtime":19235}}