{"final_dice":0.4968209757644147,"trial":8,"_timestamp":1.7561407655971797e+09,"_runtime":3020.368272434,"_wandb":{"runtime":3020},"_step":0}