{"_wandb":{"runtime":2575},"final_dice":0.7251744595849383,"trial":13,"_timestamp":1.7578836220127482e+09,"_runtime":2574.676098421,"_step":0}