{"trial":10,"_timestamp":1.7515477809517105e+09,"_runtime":1116.022331863,"_step":0,"_wandb":{"runtime":1116},"final_dice":0.4748205922872415}