{"trial":17,"_timestamp":1.7654739562404695e+09,"_runtime":26590.546072943,"_step":0,"_wandb":{"runtime":26590},"final_dice":0}