{"trial":15,"_timestamp":1.762397322022134e+09,"_runtime":980.971851106,"_step":0,"_wandb":{"runtime":981},"final_dice":0.7530046020997403}