{"final_dice":0.8009758643595989,"trial":16,"_timestamp":1.7646164136689765e+09,"_runtime":38926.986275935,"_step":0,"_wandb":{"runtime":38927}}