{"_timestamp":1.7579034454266934e+09,"_runtime":1213.081580254,"_step":0,"_wandb":{"runtime":1213},"final_dice":0.7245488019583644,"trial":38}