{"_runtime":1916.61590332,"_step":0,"_wandb":{"runtime":1918},"final_dice":0.8354576975937825,"trial":15,"_timestamp":1.765008454500425e+09}