{"final_dice":0.4902936932366973,"trial":1,"_timestamp":1.7623956584779937e+09,"_wandb":{"runtime":12298},"_runtime":12298.282304657,"_step":0}