{"trial":8,"_timestamp":1.7612392509738255e+09,"_runtime":3396.004579086,"_step":0,"_wandb":{"runtime":3396},"final_dice":0.37374696091653703}