{"trial":42,"_timestamp":1.7561813118035498e+09,"_runtime":691.313664838,"_step":0,"_wandb":{"runtime":691},"final_dice":0.3775027538391758}