{"_timestamp":1.7653762884966037e+09,"_runtime":28455.458585735,"_step":0,"final_dice":0.7794269100571667,"_wandb":{"runtime":28458},"trial":9}