{"_wandb":{"runtime":4766},"_timestamp":1.7650641742074776e+09,"_runtime":4766.159100203,"_step":0,"final_dice":0.6911578413985305,"trial":2}