{"final_dice":0.6209849675573288,"trial":32,"_timestamp":1.7578994249252393e+09,"_runtime":1293.328849168,"_step":0,"_wandb":{"runtime":1293}}