{"trial":2,"_timestamp":1.764664797078088e+09,"_runtime":277.544820135,"_step":0,"_wandb":{"runtime":278},"final_dice":0.8421065928131799}