{"final_dice":0.8001690085133544,"trial":8,"_timestamp":1.764403265597888e+09,"_wandb":{"runtime":4605},"_runtime":4605.443144733,"_step":0}