{"trial":3,"_wandb":{"runtime":5665},"_timestamp":1.762369666242968e+09,"_runtime":5665.342601442,"_step":0,"final_dice":0.4280206493059539}