{"_step":0,"_wandb":{"runtime":1426},"final_dice":0.31771974189660157,"trial":5,"_timestamp":1.7623781669616919e+09,"_runtime":1426.443983733}