{"_timestamp":1.7544068574451706e+09,"_runtime":1763.541690115,"_step":0,"_wandb":{"runtime":1763},"final_dice":0.703579491720922,"trial":18}