{"trial":13,"_timestamp":1.765091453240042e+09,"_runtime":82.289209061,"_wandb":{"runtime":83},"_step":0,"final_dice":0.8099159262918066}