{"_wandb":{"runtime":17},"_step":0,"final_dice":0,"trial":5,"_timestamp":1.764850948583402e+09,"_runtime":17.888858003}