{"_wandb":{"runtime":474},"_step":0,"final_dice":0.7467048929039144,"trial":28,"_timestamp":1.7515592523028722e+09,"_runtime":474.773454581}