{"_wandb":{"runtime":21495},"_runtime":21495.110383096,"_step":0,"final_dice":0.6587867751837807,"trial":11,"_timestamp":1.7645399817315466e+09}