{"_runtime":32369.626493034,"_step":0,"_wandb":{"runtime":32370},"final_dice":0.779952869714885,"trial":6,"_timestamp":1.7644897405419743e+09}