{"_wandb":{"runtime":818},"final_dice":0.7402355519748856,"trial":11,"_timestamp":1.7515436244601068e+09,"_runtime":818.077652666,"_step":0}