{"final_dice":0.80612285413434,"trial":30,"_timestamp":1.7647472520995302e+09,"_runtime":2106.713063574,"_step":0,"_wandb":{"runtime":2107}}