{"_step":0,"final_dice":0.38382211794024257,"trial":6,"_wandb":{"runtime":352},"_timestamp":1.7649908266939013e+09,"_runtime":352.034123287}