{"trial":40,"_timestamp":1.762433977575104e+09,"_runtime":1067.406927163,"_step":0,"_wandb":{"runtime":1067},"final_dice":0.7099698460781716}