{"_runtime":74.970137199,"_step":0,"_wandb":{"runtime":74},"final_dice":0,"trial":6,"_timestamp":1.7648508169047673e+09}