{"_step":0,"_wandb":{"runtime":1940},"final_dice":0.7674158496885173,"trial":23,"_timestamp":1.7624139277117639e+09,"_runtime":1940.680757222}