{"_wandb":{"runtime":4640},"final_dice":0.2500549815148355,"trial":10,"_timestamp":1.7623856302682464e+09,"_runtime":4640.068820142,"_step":0}