{"_step":0,"_wandb":{"runtime":13420},"final_dice":0.6902135712051622,"trial":1,"_timestamp":1.765673246468268e+09,"_runtime":13420.781636865}