{"_wandb":{"runtime":18038},"final_dice":0.7416219391838551,"trial":16,"_timestamp":1.7646378052656434e+09,"_runtime":18038.463681842,"_step":0}