{"final_dice":0.3069570892543776,"trial":5,"_wandb":{"runtime":4064},"_timestamp":1.7612274197326443e+09,"_runtime":4063.649630673,"_step":0}