{"_runtime":21.766085701,"_step":0,"final_dice":0.6976147072505601,"trial":3,"_wandb":{"runtime":21},"_timestamp":1.7648654072030208e+09}