{"_runtime":80.743111297,"_wandb":{"runtime":80},"_step":0,"final_dice":0.6947585820757557,"trial":6,"_timestamp":1.756137744192941e+09}