{"_step":0,"_wandb":{"runtime":27761},"final_dice":0.7857064475405152,"trial":3,"_timestamp":1.7644332095755966e+09,"_runtime":27760.821665162}