{"_timestamp":1.7558956834861808e+09,"_runtime":1548.335513872,"_step":0,"_wandb":{"runtime":1548},"final_dice":0.6752755282679745,"trial":20}