{"final_dice":0.529639001556239,"_wandb":{"runtime":3681},"trial":4,"_timestamp":1.7649859305399513e+09,"_runtime":3680.540568449,"_step":0}