{"trial":5,"_timestamp":1.756141226339298e+09,"_runtime":231.692494801,"_step":0,"final_dice":0.40626287077700435,"_wandb":{"runtime":231}}