{"final_dice":0.7537920419046937,"trial":30,"_timestamp":1.7515616406586316e+09,"_runtime":1723.046433747,"_step":0,"_wandb":{"runtime":1723}}