{"_runtime":28.709044869,"_step":0,"final_dice":0.8168790242256342,"_wandb":{"runtime":28},"trial":5,"_timestamp":1.765069612252309e+09}