{"_wandb":{"runtime":1549},"final_dice":0.6104612633871375,"trial":13,"_timestamp":1.7558926041128976e+09,"_runtime":1549.60067534,"_step":0}