{"_timestamp":1.7623767384519074e+09,"_runtime":500.682470871,"_step":0,"final_dice":0.43363621776776745,"trial":0,"_wandb":{"runtime":501}}