{"_runtime":443.892536939,"_step":0,"_wandb":{"runtime":444},"final_dice":0.15982092982691123,"trial":3,"_timestamp":1.7515351584636083e+09}