{"_timestamp":1.7648511557367868e+09,"_runtime":85.794353493,"_step":0,"final_dice":0,"trial":13,"_wandb":{"runtime":85}}