{"_timestamp":1.7559123395708032e+09,"_runtime":1123.81108978,"_step":0,"_wandb":{"runtime":1123},"final_dice":0.7378193588965039,"trial":31}