{"_timestamp":1.7643695625604796e+09,"_runtime":356.873285967,"_wandb":{"runtime":356},"_step":0,"final_dice":0.7316382758323022,"trial":0}