{"_wandb":{"runtime":7428},"final_dice":0.8350453944844636,"trial":14,"_timestamp":1.7644232578835866e+09,"_runtime":7427.993134756,"_step":0}