{"trial":18,"_timestamp":1.7578891236300046e+09,"_runtime":2202.767039545,"_step":0,"_wandb":{"runtime":2202},"final_dice":0.06604390718282088}