{"_timestamp":1.7544327599266734e+09,"_runtime":2196.778719813,"_step":0,"_wandb":{"runtime":2197},"final_dice":0.7468619246861925,"trial":31}