{"trial":35,"_timestamp":1.7644746840444522e+09,"_runtime":3165.473408558,"_wandb":{"runtime":3165},"_step":0,"final_dice":0.8586496010946291}