{"trial":14,"_timestamp":1.7659138501182623e+09,"_wandb":{"runtime":7316},"_runtime":7315.699869591,"_step":0,"final_dice":0.6671986854851565}