{"trial":13,"_timestamp":1.7644158277436702e+09,"_runtime":1674.368808249,"_step":0,"_wandb":{"runtime":1674},"final_dice":0.8459541062801932}