{"_wandb":{"runtime":21712},"final_dice":0.7791287912968374,"trial":15,"_timestamp":1.7646197647393258e+09,"_runtime":21711.791322427,"_step":0}