{"trial":7,"_timestamp":1.7644573687181995e+09,"_runtime":17480.501473403,"_wandb":{"runtime":17480},"_step":0,"final_dice":0.8000652796436499}