{"final_dice":0.7371097634101725,"trial":23,"_timestamp":1.7578925389209566e+09,"_runtime":343.10127962,"_wandb":{"runtime":343},"_step":0}