{"final_dice":0.7915296495538848,"trial":18,"_timestamp":1.764650017232976e+09,"_runtime":30027.387493524,"_step":0,"_wandb":{"runtime":30027}}