{"_wandb":{"runtime":678},"trial":15,"_timestamp":1.7650971080115752e+09,"_runtime":678.20944056,"_step":0,"final_dice":0.7958149321697571}