{"trial":22,"_timestamp":1.7544168518329837e+09,"_runtime":1643.448144277,"_step":0,"final_dice":0.7327580573969097,"_wandb":{"runtime":1643}}