{"_runtime":3635.963544135,"_step":0,"final_dice":0.8538789496180135,"trial":4,"_wandb":{"runtime":3636},"_timestamp":1.7648693252492523e+09}