{"_wandb":{"runtime":9},"final_dice":0.7246636726246094,"trial":37,"_timestamp":1.7579034558983161e+09,"_runtime":9.287577902,"_step":0}