{"_wandb":{"runtime":444},"final_dice":0.17351912480646722,"trial":0,"_timestamp":1.7558677644067655e+09,"_runtime":443.167729353,"_step":0}