{"final_dice":0.8020851852792523,"trial":2,"_timestamp":1.76439884584845e+09,"_runtime":12220.668258255,"_step":0,"_wandb":{"runtime":12220}}