{"trial":16,"_timestamp":1.7578865427326963e+09,"_runtime":135.925425728,"_step":0,"_wandb":{"runtime":135},"final_dice":0.7014571037637592}