{"_timestamp":1.7603837417935598e+09,"_runtime":1.698425155,"_step":0,"_wandb":{"runtime":1},"final_dice":0,"trial":1}