{"_wandb":{"runtime":11903},"_timestamp":1.7653165573103905e+09,"_runtime":11902.04528314,"_step":0,"final_dice":0.8036330902747088,"trial":7}