{"_step":0,"final_dice":0.7372133395196564,"trial":14,"_wandb":{"runtime":1378},"_timestamp":1.7515491604805546e+09,"_runtime":1378.348051804}