{"_wandb":{"runtime":6},"final_dice":0.9288721935878396,"trial":2,"_timestamp":1.7594862269076169e+09,"_runtime":5.386379661,"_step":0}