{"_timestamp":1.7623965974498847e+09,"_runtime":2111.006316958,"_step":0,"_wandb":{"runtime":2111},"final_dice":0.4824722751889633,"trial":9}