{"_runtime":185.295720197,"_step":0,"final_dice":0.7320538649135828,"trial":36,"_timestamp":1.75591749708855e+09,"_wandb":{"runtime":185}}