{"_timestamp":1.7657972783804286e+09,"_wandb":{"runtime":5959},"_runtime":5958.805223246,"_step":0,"final_dice":0.792029558709614,"trial":7}