{"_timestamp":1.7561727679652328e+09,"_runtime":965.36989509,"_step":0,"_wandb":{"runtime":965},"final_dice":0.7497481610128097,"trial":33}