{"_wandb":{"runtime":4316},"_step":1,"final_dice":0.6066247118568154,"trial":1,"_timestamp":1.755867048229104e+09,"_runtime":3637.569173047}