{"_runtime":4157.780097659,"_step":2,"_wandb":{"runtime":4157},"final_dice":0.7731017058628972,"trial":47,"_timestamp":1.7624425713920648e+09}