{"_step":0,"_wandb":{"runtime":463},"final_dice":0.7638312760560005,"trial":27,"_timestamp":1.762411681361776e+09,"_runtime":463.175973161}