{"_wandb":{"runtime":147},"final_dice":0.937823469351829,"trial":0,"_timestamp":1.7594862193617492e+09,"_runtime":146.142046788,"_step":0}