{"_runtime":91.219395957,"_step":0,"final_dice":0.9440317510492949,"trial":4,"_wandb":{"runtime":91},"_timestamp":1.7594626063074582e+09}