{"final_dice":0.7519423445409393,"trial":21,"_timestamp":1.7624099096609836e+09,"_wandb":{"runtime":617},"_runtime":617.230940815,"_step":0}