{"trial":20,"_timestamp":1.7626037571550186e+09,"_runtime":12371.34108536,"_step":0,"_wandb":{"runtime":12371},"final_dice":0.5416959392142799}