{"_timestamp":1.7624300816204991e+09,"_wandb":{"runtime":475},"_runtime":475.493554963,"_step":0,"final_dice":0.7829943369112422,"trial":36}