{"final_dice":0.05156783108444966,"trial":10,"_wandb":{"runtime":629},"_timestamp":1.7561492620750458e+09,"_runtime":629.0514306,"_step":0}