{"_runtime":97.078768974,"_step":0,"_wandb":{"runtime":97},"final_dice":0,"trial":14,"_timestamp":1.764851253794074e+09}