{"_wandb":{"runtime":3661},"final_dice":0.6914753451425444,"trial":3,"_timestamp":1.7650732847415555e+09,"_runtime":3658.996847184,"_step":0}