{"_runtime":848.392479741,"_step":0,"final_dice":0.7137833752334144,"_wandb":{"runtime":848},"trial":3,"_timestamp":1.7561201102564185e+09}