{"trial":5,"_timestamp":1.7614906546852844e+09,"_runtime":3669.087789093,"_step":0,"_wandb":{"runtime":3669},"final_dice":0.6614194952888842}