{"_timestamp":1.7625240475234103e+09,"_runtime":14834.186311392,"_step":0,"_wandb":{"runtime":14834},"final_dice":0.3397734597926448,"trial":6}