{"trial":8,"_timestamp":1.7543888453497899e+09,"_runtime":2770.770253492,"_step":0,"_wandb":{"runtime":2772},"final_dice":0.7411194148943364}