{"_wandb":{"runtime":6754},"_timestamp":1.7647826992677662e+09,"_runtime":6754.423148405,"_step":0,"final_dice":0.40074254535951676,"trial":42}