{"_runtime":838.304359547,"_step":0,"final_dice":0.3004450950992314,"trial":1,"_timestamp":1.764386624277949e+09,"_wandb":{"runtime":838}}