{"_wandb":{"runtime":14128},"_timestamp":1.7652733071989183e+09,"_runtime":14128.567491255,"_step":0,"final_dice":0.10184438609399646,"trial":6}