{"trial":23,"_timestamp":1.7544253491706002e+09,"_runtime":81.087780505,"_step":0,"_wandb":{"runtime":81},"final_dice":0.5248496507185604}