{"_runtime":8999.862918095,"_step":0,"_wandb":{"runtime":8999},"final_dice":0.3470994941448593,"trial":5,"_timestamp":1.7643891268444824e+09}