{"_step":0,"_wandb":{"runtime":335},"final_dice":0.6938857492171613,"trial":15,"_timestamp":1.7561580985395987e+09,"_runtime":335.24631915}