{"_timestamp":1.761251514398881e+09,"_wandb":{"runtime":398},"_runtime":398.727228482,"_step":0,"final_dice":0.7130820028738305,"trial":16}