{"_timestamp":1.7646837845893419e+09,"_wandb":{"runtime":30304},"_runtime":30304.348089755,"_step":0,"final_dice":0.7986967913735467,"trial":20}