{"_step":0,"_wandb":{"runtime":73},"final_dice":0.21145636676298438,"trial":0,"_timestamp":1.761490939670085e+09,"_runtime":73.162754804}