{"final_dice":0.7605002235026205,"trial":24,"_timestamp":1.7624073853900316e+09,"_runtime":145.947665296,"_step":0,"_wandb":{"runtime":145}}