{"_timestamp":1.7624470908598278e+09,"_runtime":12556.776396031,"_step":0,"_wandb":{"runtime":12557},"final_dice":0.4452917330103252,"trial":6}