{"_runtime":196.558392008,"_step":2,"final_dice":0.917298835004064,"_wandb":{"runtime":196},"trial":5,"_timestamp":1.7594864251113644e+09}