{"_wandb":{"runtime":6},"final_dice":0.7294565587264216,"trial":0,"_timestamp":1.76499504677194e+09,"_runtime":5.120777342,"_step":0}