{"_runtime":13724.939548006,"_wandb":{"runtime":13726},"_step":0,"final_dice":0.7992794206357317,"trial":13,"_timestamp":1.7654464556929383e+09}