{"_timestamp":1.7624214361059127e+09,"_runtime":25775.862961354,"_step":0,"_wandb":{"runtime":25776},"final_dice":0.5372888618157392,"trial":3}