{"trial":11,"_timestamp":1.7658894587279143e+09,"_runtime":35121.13458071,"_step":0,"_wandb":{"runtime":35121},"final_dice":0.7986576696696763}