{"_step":0,"_wandb":{"runtime":16256},"final_dice":0.7622850143222444,"trial":16,"_timestamp":1.7654902145332644e+09,"_runtime":16255.055313463}