{"_step":0,"final_dice":0.7719227500365551,"trial":16,"_wandb":{"runtime":13241},"_timestamp":1.7659974651128519e+09,"_runtime":13241.061619846}