{"final_dice":0.5484630545493079,"trial":13,"_timestamp":1.7625517749993393e+09,"_runtime":81.20592529,"_step":0,"_wandb":{"runtime":81}}