{"_timestamp":1.7644398540437312e+09,"_runtime":53661.3193271,"_step":0,"_wandb":{"runtime":53661},"final_dice":0.6764206201249179,"trial":4}