{"_runtime":249.250248334,"_step":0,"final_dice":0.5392867840796134,"_wandb":{"runtime":249},"trial":14,"_timestamp":1.7625650826617153e+09}