{"_timestamp":1.765906532063435e+09,"_runtime":7641.866039256,"_step":0,"_wandb":{"runtime":7642},"final_dice":0.7977641612723536,"trial":13}