{"_wandb":{"runtime":2086},"final_dice":0.8511929825110627,"trial":22,"_timestamp":1.7647219977651637e+09,"_runtime":2086.42828069,"_step":0}