{"_step":0,"final_dice":0.6227618981501934,"_wandb":{"runtime":3711},"trial":9,"_timestamp":1.7558838900834308e+09,"_runtime":3710.746892382}