{"_timestamp":1.7578975915811243e+09,"_runtime":950.884600871,"_step":0,"_wandb":{"runtime":951},"final_dice":0.7257815846923044,"trial":29}