{"_timestamp":1.7559254858472383e+09,"_runtime":903.231815266,"_step":0,"final_dice":0.32717528789300454,"trial":43,"_wandb":{"runtime":903}}