{"trial":24,"_timestamp":1.7561641133144238e+09,"_runtime":360.532290081,"_wandb":{"runtime":360},"_step":0,"final_dice":0.746948817444456}