{"trial":21,"_timestamp":1.7544152071502838e+09,"_runtime":492.33066682,"_wandb":{"runtime":492},"_step":0,"final_dice":0.7345652690215044}