{"_wandb":{"runtime":2119},"_step":0,"final_dice":0.7351424099592342,"trial":14,"_timestamp":1.7624017123229697e+09,"_runtime":2119.238794979}