{"final_dice":0.303198138503203,"trial":12,"_timestamp":1.7612358537378886e+09,"_runtime":225.413842425,"_step":0,"_wandb":{"runtime":225}}