{"trial":37,"_timestamp":1.7544400682989087e+09,"_runtime":1074.598377377,"_step":0,"_wandb":{"runtime":1074},"final_dice":0.5192617115729662}