{"_runtime":360.97797109,"_step":0,"_wandb":{"runtime":8874},"final_dice":0,"trial":1,"_timestamp":1.7561105736529853e+09}