{"_wandb":{"runtime":50},"_step":0,"final_dice":0.6099633241153869,"trial":5,"_timestamp":1.7649945554158442e+09,"_runtime":49.384031253}