{"_step":0,"_wandb":{"runtime":17407},"final_dice":0.7676976625483866,"trial":9,"_timestamp":1.7653481020521703e+09,"_runtime":17405.895710719}