{"final_dice":0.7615451172719427,"trial":10,"_timestamp":1.7645240261235504e+09,"_runtime":16800.731731687,"_wandb":{"runtime":16801},"_step":0}