{"_runtime":14843.572091715,"_step":0,"_wandb":{"runtime":14843},"final_dice":0.6662498219248424,"trial":1,"_timestamp":1.7652178019469275e+09}