{"_timestamp":1.764464874584693e+09,"_runtime":3564.154881984,"_step":0,"_wandb":{"runtime":3564},"final_dice":0.8037018020612876,"trial":29}