{"trial":19,"_wandb":{"runtime":24585},"_timestamp":1.7647020036168056e+09,"_runtime":24584.328152087,"_step":0,"final_dice":0.7811141385454218}