{"_step":1,"final_dice":0.2730831886572314,"trial":0,"_timestamp":1.7612233426895363e+09,"_runtime":7911.645482078,"_wandb":{"runtime":7914}}