{"trial":10,"_timestamp":1.7644126448195052e+09,"_runtime":1686.091044733,"_step":0,"_wandb":{"runtime":1686},"final_dice":0.7900074139708143}