{"_runtime":14133.677652994,"_step":0,"final_dice":0.7829340932329689,"trial":10,"_timestamp":1.7653306929296732e+09,"_wandb":{"runtime":14134}}