{"_timestamp":1.7650046004565794e+09,"_runtime":130.207181978,"_step":0,"final_dice":0.7271288358540141,"_wandb":{"runtime":131},"trial":9}