{"_wandb":{"runtime":0},"_step":0,"final_dice":0,"trial":9,"_timestamp":1.7610351227256758e+09,"_runtime":0.701460809}