{"_wandb":{"runtime":34},"final_dice":0.7777054642959415,"trial":1,"_timestamp":1.765064756941841e+09,"_runtime":34.414790345,"_step":0}