{"trial":5,"_timestamp":1.7558716108770647e+09,"_runtime":3844.363637073,"_step":0,"_wandb":{"runtime":3844},"final_dice":0.09275926347941088}