{"final_dice":0.7889601996139232,"trial":14,"_timestamp":1.7659513890450847e+09,"_runtime":13421.065289207,"_step":0,"_wandb":{"runtime":13421}}