{"_step":0,"final_dice":0.7115631740024265,"trial":32,"_wandb":{"runtime":1514},"_timestamp":1.7544342762595968e+09,"_runtime":1513.970946918}