{"_step":0,"_wandb":{"runtime":4058},"final_dice":0.7947621567253469,"trial":9,"_timestamp":1.7650905915554767e+09,"_runtime":4057.35913201}