{"final_dice":0.7577897066482809,"trial":20,"_wandb":{"runtime":684},"_timestamp":1.76240929151817e+09,"_runtime":684.935209075,"_step":0}