{"_timestamp":1.757891002409401e+09,"_runtime":1220.491863663,"_step":0,"final_dice":0.5194830827781137,"_wandb":{"runtime":1220},"trial":12}