{"_timestamp":1.7544252671954703e+09,"_runtime":552.047035996,"_step":0,"_wandb":{"runtime":552},"final_dice":0.7297422261754803,"trial":25}