{"_runtime":418.583776958,"_step":0,"_wandb":{"runtime":418},"final_dice":0.7772622398012221,"trial":21,"_timestamp":1.7644517237804496e+09}