{"_wandb":{"runtime":5940},"_step":0,"final_dice":0.17348739084281392,"trial":20,"_timestamp":1.7626551773833358e+09,"_runtime":5939.914291924}