{"_runtime":3687.860689236,"_step":0,"_wandb":{"runtime":3688},"final_dice":0.8465745149826814,"trial":21,"_timestamp":1.764719909787243e+09}