{"final_dice":0.6538495126646442,"_wandb":{"runtime":3734},"trial":1,"_timestamp":1.7614857983678954e+09,"_runtime":3734.660293037,"_step":0}