{"final_dice":0.16400214365161006,"trial":4,"_timestamp":1.7624339085946658e+09,"_runtime":12470.168981033,"_wandb":{"runtime":12470},"_step":0}