{"_runtime":251.080758428,"_step":0,"final_dice":0.3051083608901938,"trial":11,"_timestamp":1.7561495140968506e+09,"_wandb":{"runtime":251}}