{"_runtime":18667.609776021,"_wandb":{"runtime":18667},"_step":0,"final_dice":0.35900353881777275,"trial":1,"_timestamp":1.7614908628532884e+09}