{"_step":0,"_wandb":{"runtime":936},"final_dice":0.7579292331153977,"trial":37,"_timestamp":1.7561763065915096e+09,"_runtime":936.147038184}