{"_step":0,"_wandb":{"runtime":622},"final_dice":0.5348594407512042,"trial":5,"_timestamp":1.7624345332514403e+09,"_runtime":622.144800891}