{"_wandb":{"runtime":242},"final_dice":0.15107655311800228,"trial":30,"_timestamp":1.7644651185302896e+09,"_runtime":242.170318689,"_step":0}