{"_step":0,"final_dice":0.6395645044524201,"trial":5,"_timestamp":1.765317624028524e+09,"_wandb":{"runtime":16188},"_runtime":16187.091652834}