{"_timestamp":1.7543755572017164e+09,"_runtime":61.247410215,"_step":0,"_wandb":{"runtime":61},"final_dice":0.15776074416031421,"trial":2}