{"_timestamp":1.764619988490698e+09,"_runtime":3572.152524682,"_step":0,"_wandb":{"runtime":3572},"final_dice":0.7949607958595469,"trial":17}