{"trial":33,"_timestamp":1.764757444132543e+09,"_runtime":3907.280471955,"_step":0,"_wandb":{"runtime":3908},"final_dice":0.8365317650700301}