{"_step":0,"final_dice":0.6634236874236874,"trial":33,"_timestamp":1.7624193812273076e+09,"_runtime":2293.307423844,"_wandb":{"runtime":2293}}