{"trial":15,"_timestamp":1.7578864058513813e+09,"_runtime":2239.984739833,"_step":0,"_wandb":{"runtime":2240},"final_dice":0.731574789592554}