{"_runtime":511.349818453,"_step":0,"final_dice":0.626346161428715,"trial":33,"_wandb":{"runtime":511},"_timestamp":1.751562749959149e+09}