{"_timestamp":1.7623977512953846e+09,"_runtime":427.731425856,"_step":0,"final_dice":0.6026612799360099,"_wandb":{"runtime":427},"trial":12}