{"trial":39,"_wandb":{"runtime":3905},"_timestamp":1.762444515454409e+09,"_runtime":3905.20531767,"_step":0,"final_dice":0.7104903465647097}