{"_timestamp":1.7561318723599806e+09,"_wandb":{"runtime":8951},"_runtime":3162.724475883,"_step":0,"final_dice":0.6451265202904033,"trial":0}