{"_wandb":{"runtime":11904},"final_dice":0.7960029532398551,"trial":1,"_timestamp":1.764405445928172e+09,"_runtime":11902.196341814,"_step":0}