{"final_dice":0.6175836460911922,"trial":29,"_timestamp":1.762420248094223e+09,"_wandb":{"runtime":652},"_runtime":651.843714633,"_step":0}