{"trial":11,"_wandb":{"runtime":774},"_timestamp":1.7650913653250122e+09,"_runtime":771.251813523,"_step":0,"final_dice":0.8065964806593277}