{"_step":0,"final_dice":0.6976444823551238,"trial":8,"_timestamp":1.7645071921034746e+09,"_wandb":{"runtime":17449},"_runtime":17449.341511497}