{"_runtime":2245.33835702,"_step":0,"final_dice":0.24724023846960166,"trial":9,"_timestamp":1.7623918643784733e+09,"_wandb":{"runtime":2245}}