{"trial":9,"_wandb":{"runtime":50},"_timestamp":1.7650745240817912e+09,"_runtime":50.538516033,"_step":0,"final_dice":0.7572925060435133}