{"trial":18,"_timestamp":1.7515524169707367e+09,"_runtime":1368.831454517,"_step":0,"_wandb":{"runtime":1368},"final_dice":0.724906007230007}