{"_runtime":505.155128472,"_step":0,"_wandb":{"runtime":506},"final_dice":0.7769415419845794,"trial":0,"_timestamp":1.765064720138815e+09}