{"final_dice":0,"trial":1,"_timestamp":1.7610345499956567e+09,"_wandb":{"runtime":2},"_runtime":2.580109708,"_step":0}