{"final_dice":0.7587706865812403,"trial":30,"_timestamp":1.7544305602674332e+09,"_wandb":{"runtime":1506},"_runtime":1506.423485241,"_step":0}