{"_runtime":1060.597755658,"_step":0,"final_dice":0.32301181451313155,"_wandb":{"runtime":1060},"trial":41,"_timestamp":1.7544438673416665e+09}