{"_wandb":{"runtime":5734},"final_dice":0.5151519601843919,"trial":14,"_timestamp":1.7626271144637008e+09,"_runtime":5734.141833446,"_step":0}