{"trial":17,"_timestamp":1.7558910535094888e+09,"_runtime":714.360697638,"_step":0,"_wandb":{"runtime":714},"final_dice":0.6260013478273609}