{"_wandb":{"runtime":7695},"_timestamp":1.7515756948387063e+09,"_runtime":7694.992456523,"_step":2,"final_dice":0.45109073313315073,"trial":43}