{"_step":0,"_wandb":{"runtime":716},"final_dice":0.4116107175854635,"trial":40,"_timestamp":1.7544428055014925e+09,"_runtime":716.641329197}