{"_step":0,"_wandb":{"runtime":2440},"final_dice":0.7562128928330485,"trial":15,"_timestamp":1.7647004031940026e+09,"_runtime":2439.88719213}