{"_timestamp":1.757891999925353e+09,"_runtime":996.273233473,"_step":0,"_wandb":{"runtime":996},"final_dice":0.10434124641466101,"trial":21}