{"final_dice":0.37779496517275485,"trial":12,"_timestamp":1.7623989619496665e+09,"_runtime":737.406851256,"_step":0,"_wandb":{"runtime":737}}