{"_step":0,"final_dice":0.333251062493085,"trial":10,"_timestamp":1.7614955016976101e+09,"_wandb":{"runtime":4749},"_runtime":4748.981954271}