{"_runtime":2431.77633789,"_step":0,"final_dice":0.7466263330598851,"trial":41,"_timestamp":1.762436410673336e+09,"_wandb":{"runtime":2432}}