{"_timestamp":1.7647496836887617e+09,"_runtime":2429.894510762,"_step":0,"final_dice":0.8445616959412462,"_wandb":{"runtime":2429},"trial":31}