{"_step":0,"final_dice":0.5974238738217721,"trial":3,"_timestamp":1.7614858031778085e+09,"_runtime":3.909852806,"_wandb":{"runtime":4}}