{"_wandb":{"runtime":14521},"_timestamp":1.7625450228456352e+09,"_runtime":14521.006183008,"_step":0,"final_dice":0.5514533165295145,"trial":8}