{"_wandb":{"runtime":268},"final_dice":0.775710065392582,"trial":1,"_timestamp":1.7652217122134655e+09,"_runtime":267.419626387,"_step":0}