{"_wandb":{"runtime":690},"trial":26,"_timestamp":1.756166830900309e+09,"_runtime":690.059621882,"_step":0,"final_dice":0.7426379517515482}