{"_wandb":{"runtime":727},"_timestamp":1.755903300092743e+09,"_runtime":727.575326233,"_step":0,"final_dice":0.6668427689652884,"trial":28}