{"_runtime":6661.640488898,"_step":0,"_wandb":{"runtime":6662},"final_dice":0.5216508223081046,"trial":20,"_timestamp":1.764448100575383e+09}