{"final_dice":0,"trial":6,"_timestamp":1.7610351204909365e+09,"_runtime":0.79948937,"_wandb":{"runtime":0},"_step":0}