{"final_dice":0.673241473553689,"trial":6,"_timestamp":1.7657428990192459e+09,"_runtime":15496.267040732,"_step":0,"_wandb":{"runtime":15496}}