{"_timestamp":1.76540279059733e+09,"_runtime":13839.556970915,"_step":0,"_wandb":{"runtime":13839},"final_dice":0.7917867898098448,"trial":12}