{"_runtime":16261.771588843,"_step":0,"final_dice":0.773114854907612,"trial":5,"_wandb":{"runtime":16262},"_timestamp":1.7652895723053174e+09}