{"_wandb":{"runtime":308},"_step":0,"final_dice":0.5457517650834403,"trial":23,"_timestamp":1.7515564098660862e+09,"_runtime":308.280602138}