{"_runtime":3560.183843422,"_step":0,"_wandb":{"runtime":3560},"final_dice":0.04018922786099211,"trial":6,"_timestamp":1.7578772335023525e+09}