{"_wandb":{"runtime":1},"final_dice":0,"trial":3,"_timestamp":1.7610351162121382e+09,"_runtime":1.845463372,"_step":1}