{"_step":0,"_wandb":{"runtime":4572},"final_dice":0.6692789788077258,"trial":12,"_timestamp":1.7650865320261438e+09,"_runtime":4572.074755648}