{"_runtime":0.674779046,"_step":0,"_wandb":{"runtime":0},"final_dice":0,"trial":4,"_timestamp":1.7610351182010565e+09}