{"_timestamp":1.7561565452052083e+09,"_runtime":3097.135661758,"_step":0,"_wandb":{"runtime":3097},"final_dice":0.7281412342045154,"trial":17}