{"_timestamp":1.751545981899245e+09,"_wandb":{"runtime":2356},"_runtime":2356.498300665,"_step":0,"final_dice":0.29930477376428477,"trial":12}