{"_timestamp":1.7578736717219815e+09,"_runtime":451.936915475,"_step":0,"final_dice":0.35534877302024603,"trial":8,"_wandb":{"runtime":452}}