{"_runtime":1228.03867285,"_step":0,"final_dice":0.7578223372962478,"trial":13,"_wandb":{"runtime":1228},"_timestamp":1.7623940441817665e+09}