{"_wandb":{"runtime":43205},"final_dice":0.36065148388796947,"trial":2,"_timestamp":1.76248599862324e+09,"_runtime":43204.059559964,"_step":0}