{"_step":0,"final_dice":0.7485187675264087,"_wandb":{"runtime":3886},"trial":16,"_timestamp":1.7647042909321678e+09,"_runtime":3885.606385653}