{"trial":15,"_timestamp":1.762564830750836e+09,"_runtime":13054.782002091,"_step":0,"_wandb":{"runtime":13055},"final_dice":0.32062181901181613}