{"trial":38,"_timestamp":1.754441563435433e+09,"_runtime":1494.208963003,"_step":0,"_wandb":{"runtime":1495},"final_dice":0.5455724748370961}