{"final_dice":0.6634656942760152,"trial":1,"_timestamp":1.7643681126968246e+09,"_runtime":18011.504524395,"_wandb":{"runtime":18011},"_step":0}