{"_runtime":2762.72738827,"_step":0,"_wandb":{"runtime":2763},"final_dice":0.6736235183489644,"trial":1,"_timestamp":1.7578646546662776e+09}