{"_runtime":1046.962242722,"_step":0,"final_dice":0.32096574596574595,"trial":32,"_timestamp":1.7624170867722113e+09,"_wandb":{"runtime":1047}}