{"_wandb":{"runtime":496},"_timestamp":1.754434771180704e+09,"_runtime":494.215551881,"_step":0,"final_dice":0.7422195309470189,"trial":27}