{"_step":0,"_wandb":{"runtime":1444},"final_dice":0.7561793169130637,"trial":38,"_timestamp":1.7624406090359824e+09,"_runtime":1444.684647712}