{"_timestamp":1.764869549501707e+09,"_runtime":222.754667695,"_step":0,"_wandb":{"runtime":222},"final_dice":0.8097548047910925,"trial":6}