{"_runtime":5996.393481007,"_step":0,"final_dice":0.6477937330441393,"_wandb":{"runtime":5996},"trial":5,"_timestamp":1.7650010454864054e+09}