{"_step":0,"final_dice":0.731465031827571,"trial":31,"_timestamp":1.7624244847845643e+09,"_runtime":2243.420303941,"_wandb":{"runtime":2243}}