{"_timestamp":1.7657913172945127e+09,"_wandb":{"runtime":44650},"_runtime":44650.337065528,"_step":0,"final_dice":0.7894854023270813,"trial":6}