{"_wandb":{"runtime":1267},"_runtime":1267.000237495,"_step":0,"final_dice":0.7412597036040091,"trial":32,"_timestamp":1.7561718012112741e+09}