{"_wandb":{"runtime":4822},"final_dice":0.8381000396125176,"trial":6,"_timestamp":1.7650695810324736e+09,"_runtime":4822.795829495,"_step":0}