{"_runtime":3190.956839156,"_step":0,"_wandb":{"runtime":3191},"final_dice":0.819515615635843,"trial":37,"_timestamp":1.7644780435366006e+09}