{"trial":31,"_timestamp":1.7624160385976534e+09,"_runtime":458.63164453,"_step":0,"_wandb":{"runtime":458},"final_dice":0.6666201091773125}