{"_step":0,"_wandb":{"runtime":0},"final_dice":0,"trial":8,"_timestamp":1.7610351223875754e+09,"_runtime":0.813047952}