{"_timestamp":1.762419932104982e+09,"_runtime":549.877163156,"_step":0,"_wandb":{"runtime":550},"final_dice":0.7582136581651011,"trial":34}