{"trial":30,"_timestamp":1.7624155784861526e+09,"_wandb":{"runtime":1503},"_runtime":1503.2418089,"_step":0,"final_dice":0.5623651311949862}