{"trial":10,"_timestamp":1.7650132600515468e+09,"_runtime":6278.789858416,"_wandb":{"runtime":6280},"_step":0,"final_dice":0.6836007621049123}