{"_timestamp":1.762380509076666e+09,"_runtime":2341.137697417,"_step":0,"_wandb":{"runtime":2341},"final_dice":0.7652813179147326,"trial":7}