{"final_dice":0.6845909703846629,"trial":2,"_timestamp":1.7643935413047655e+09,"_wandb":{"runtime":13639},"_runtime":13639.497190417,"_step":0}