{"_wandb":{"runtime":14885},"_timestamp":1.7658060146063883e+09,"_runtime":14884.8258625,"_step":0,"final_dice":0.6043886506929247,"trial":8}