{"trial":38,"_timestamp":1.7644780738857474e+09,"_runtime":28.782743949,"_step":0,"_wandb":{"runtime":28},"final_dice":0.8311216630117622}