{"_timestamp":1.7615043035147853e+09,"_runtime":3560.352334369,"_step":0,"_wandb":{"runtime":3560},"final_dice":0.27095464104891137,"trial":12}