{"final_dice":0.740635854717373,"trial":7,"_wandb":{"runtime":2945},"_timestamp":1.755874965090204e+09,"_runtime":2945.459602074,"_step":0}