{"_runtime":359.168765268,"_step":0,"_wandb":{"runtime":359},"final_dice":0.18744946728105155,"trial":43,"_timestamp":1.7624502495029926e+09}