{"_runtime":561.390003778,"_step":0,"_wandb":{"runtime":561},"final_dice":0.7574663879512975,"trial":19,"_timestamp":1.7515529793022132e+09}