{"final_dice":0.5385788143460202,"trial":44,"_timestamp":1.762449888362911e+09,"_runtime":3555.39386607,"_step":0,"_wandb":{"runtime":3556}}