{"_wandb":{"runtime":62},"final_dice":0.8297886752734265,"trial":34,"_timestamp":1.7644715175560818e+09,"_runtime":62.050749656,"_step":0}