{"_runtime":1641.657942433,"_step":0,"final_dice":0.42321286666434776,"trial":10,"_timestamp":1.7543966506994648e+09,"_wandb":{"runtime":1641}}