{"_step":0,"final_dice":0.40527055284513724,"trial":1,"_timestamp":1.7656759951756778e+09,"_runtime":16120.829253351,"_wandb":{"runtime":16122}}