{"final_dice":0.7934429232107697,"trial":2,"_wandb":{"runtime":26693},"_timestamp":1.7657137110669837e+09,"_runtime":26692.350936607,"_step":0}