{"_timestamp":1.7578732187551625e+09,"_wandb":{"runtime":3148},"_runtime":3148.339637056,"_step":0,"final_dice":0.6482783522236868,"trial":4}