{"final_dice":0.7170397607720688,"trial":33,"_wandb":{"runtime":1071},"_timestamp":1.7544364147613304e+09,"_runtime":1071.346050206,"_step":0}