{"_runtime":887.942903692,"_step":0,"_wandb":{"runtime":888},"final_dice":0.12802637671020015,"trial":2,"_timestamp":1.7578655448389134e+09}