{"_step":0,"_wandb":{"runtime":337},"final_dice":0.7320064010908368,"trial":26,"_timestamp":1.764458109648012e+09,"_runtime":337.75572946}