{"_wandb":{"runtime":521},"_step":0,"final_dice":0.1629821673998812,"trial":39,"_timestamp":1.7544420875563846e+09,"_runtime":521.437716724}