{"_wandb":{"runtime":2241},"_timestamp":1.7624140742489223e+09,"_runtime":2241.585953123,"_step":0,"final_dice":0.6309761502512232,"trial":29}