{"trial":44,"_timestamp":1.762438412297752e+09,"_runtime":399.425915726,"_step":0,"_wandb":{"runtime":399},"final_dice":0.7466941519157517}