{"_step":1,"final_dice":0,"trial":17,"_wandb":{"runtime":76},"_timestamp":1.7648513745198605e+09,"_runtime":76.244180623}