{"_wandb":{"runtime":2481},"trial":9,"_timestamp":1.764881228544298e+09,"_runtime":2480.795308117,"_step":0,"final_dice":0.8408163989706274}