{"_runtime":118.949048192,"_step":0,"_wandb":{"runtime":118},"final_dice":0.8571818644425414,"trial":32,"_timestamp":1.7644683245868943e+09}