{"_step":0,"_wandb":{"runtime":7491},"final_dice":0.8092892609909028,"trial":16,"_timestamp":1.7644323428257558e+09,"_runtime":7490.82767434}