{"_step":0,"_wandb":{"runtime":8234},"final_dice":0.5409348704578645,"trial":3,"_timestamp":1.7624942349958036e+09,"_runtime":8233.538200256}