{"trial":47,"_timestamp":1.7561852019968536e+09,"_runtime":3015.337614978,"_step":3,"_wandb":{"runtime":3015},"final_dice":0.7267156119950015}