{"_timestamp":1.7657435793731275e+09,"_runtime":13007.348613045,"_step":0,"final_dice":0.7916711654642907,"_wandb":{"runtime":13007},"trial":4}