{"trial":40,"_timestamp":1.7647703837352128e+09,"_runtime":1035.491340551,"_step":0,"_wandb":{"runtime":1035},"final_dice":0.8263420735865838}