{"final_dice":0.6262306892896665,"trial":29,"_timestamp":1.755910840935643e+09,"_runtime":7539.492355728,"_step":0,"_wandb":{"runtime":7539}}