{"trial":43,"_timestamp":1.764775944108797e+09,"_wandb":{"runtime":1927},"_runtime":1927.138883894,"_step":0,"final_dice":0.7255968728657163}