{"final_dice":0.6858081135230405,"trial":19,"_timestamp":1.7612631583048692e+09,"_runtime":11642.652601113,"_step":2,"_wandb":{"runtime":11642}}