{"_timestamp":1.7647426016021113e+09,"_runtime":21651.360204284,"_step":0,"_wandb":{"runtime":21651},"final_dice":0.7790813494390367,"trial":21}