{"_timestamp":1.7646642669914849e+09,"_runtime":13164.075598492,"_step":0,"final_dice":0.8126299909772139,"_wandb":{"runtime":13413},"trial":1}