{"_runtime":3164.121095912,"_step":0,"final_dice":0.32600407443532076,"trial":39,"_timestamp":1.7644812392514443e+09,"_wandb":{"runtime":3164}}