{"_step":0,"final_dice":0.5245438714839277,"trial":10,"_wandb":{"runtime":716},"_timestamp":1.755884882389266e+09,"_runtime":716.283959416}