{"_wandb":{"runtime":369},"final_dice":0.6694243354333296,"trial":28,"_timestamp":1.7624195949603016e+09,"_runtime":369.131602991,"_step":0}