{"_step":0,"final_dice":0.6874327861366547,"trial":11,"_timestamp":1.765418870325377e+09,"_wandb":{"runtime":16077},"_runtime":16076.810938088}