{"_timestamp":1.7657305690861113e+09,"_runtime":3729.513899645,"_step":0,"final_dice":0.06531443629440101,"_wandb":{"runtime":3730},"trial":3}