{"_step":0,"_wandb":{"runtime":772},"final_dice":0.7697418423726932,"trial":20,"_timestamp":1.7624029722712607e+09,"_runtime":772.535265444}