{"_runtime":4975.820432602,"_step":0,"final_dice":0.5793525346580544,"_wandb":{"runtime":4977},"trial":4,"_timestamp":1.7614820612074544e+09}