{"_step":0,"_wandb":{"runtime":1124},"final_dice":0.7293905256884269,"trial":21,"_timestamp":1.7515542468313723e+09,"_runtime":1124.100066391}