{"_runtime":627.158035512,"_step":0,"final_dice":0.6635070851159011,"_wandb":{"runtime":627},"trial":14,"_timestamp":1.7561577520417333e+09}