{"_wandb":{"runtime":344},"final_dice":0.2913181710525933,"trial":1,"_timestamp":1.7624427928978326e+09,"_runtime":343.768343886,"_step":0}