{"_runtime":3826.678968478,"_wandb":{"runtime":3828},"_step":0,"final_dice":0.6733469032677641,"trial":11,"_timestamp":1.7612356226342325e+09}