{"_step":0,"_wandb":{"runtime":397},"final_dice":0.7385752337897113,"trial":20,"_timestamp":1.7544147136709318e+09,"_runtime":397.066428107}