{"final_dice":0.3445630034182076,"trial":2,"_timestamp":1.755875990783321e+09,"_wandb":{"runtime":1025},"_runtime":1024.426962745,"_step":0}