{"_step":0,"final_dice":0,"trial":4,"_timestamp":1.7648508483506348e+09,"_runtime":30.489210658,"_wandb":{"runtime":30}}