{"final_dice":0.761135807263674,"trial":18,"_timestamp":1.762401786172412e+09,"_runtime":963.66889399,"_wandb":{"runtime":963},"_step":0}