{"_step":0,"_wandb":{"runtime":1687},"final_dice":0.6472106336977375,"trial":34,"_timestamp":1.7515644389460485e+09,"_runtime":1687.761498414}