{"_runtime":3.797147448,"_step":1,"final_dice":0,"trial":2,"_wandb":{"runtime":3},"_timestamp":1.7610343762746685e+09}