{"_step":0,"_wandb":{"runtime":16},"final_dice":0,"trial":7,"_timestamp":1.7648510312235506e+09,"_runtime":16.640417753}