{"final_dice":0.7512773970968489,"trial":39,"_timestamp":1.7624329089427931e+09,"_runtime":439.235332936,"_step":0,"_wandb":{"runtime":439}}