{"final_dice":0.34983995552169966,"trial":9,"_timestamp":1.7612315141894991e+09,"_runtime":3786.955044094,"_step":0,"_wandb":{"runtime":3787}}