{"_step":0,"final_dice":0.7001518778539961,"trial":42,"_timestamp":1.757912248378444e+09,"_wandb":{"runtime":4005},"_runtime":4004.977443638}