{"_wandb":{"runtime":92},"final_dice":0.7106306663777733,"trial":16,"_timestamp":1.7515498184589672e+09,"_runtime":92.181516034,"_step":0}