{"_runtime":17479.617830991,"_step":0,"final_dice":0.7836091053330311,"trial":14,"_wandb":{"runtime":17479},"_timestamp":1.7645590016286924e+09}