{"_wandb":{"runtime":941},"_step":0,"final_dice":0.7556556865204087,"trial":37,"_timestamp":1.7559184393212023e+09,"_runtime":940.97834299}