{"final_dice":0.771090958448191,"trial":2,"_timestamp":1.764386172531151e+09,"_wandb":{"runtime":17924},"_runtime":17923.82823097,"_step":0}