{"_step":0,"final_dice":0.767085226327957,"trial":11,"_wandb":{"runtime":3228},"_timestamp":1.7644109576644905e+09,"_runtime":3228.174574628}