{"final_dice":0.8456758540139804,"trial":36,"_timestamp":1.7644748513724425e+09,"_runtime":165.625941981,"_step":0,"_wandb":{"runtime":165}}