{"final_dice":0.7474902507400041,"trial":4,"_timestamp":1.7623732108151994e+09,"_runtime":4521.447884707,"_step":0,"_wandb":{"runtime":4521}}