{"_timestamp":1.751546589925247e+09,"_runtime":606.170548499,"_step":0,"final_dice":0.7166174286112058,"_wandb":{"runtime":606},"trial":13}