{"_timestamp":1.7624046649173589e+09,"_runtime":606.953974278,"_wandb":{"runtime":607},"_step":0,"final_dice":0.6026218212773737,"trial":17}