{"final_dice":0.7904774338220049,"trial":17,"_timestamp":1.7650967721216788e+09,"_runtime":443.699664794,"_step":0,"_wandb":{"runtime":445}}