{"_runtime":1.684873458,"_step":0,"_wandb":{"runtime":1},"final_dice":0.8462956553677504,"trial":43,"_timestamp":1.764488143790429e+09}