{"_step":0,"final_dice":0.5458234392800209,"trial":16,"_wandb":{"runtime":12602},"_timestamp":1.7625776850376914e+09,"_runtime":12601.365989733}