{"final_dice":0.41642887232366893,"_wandb":{"runtime":528},"trial":11,"_timestamp":1.7578808451572773e+09,"_runtime":528.559975075,"_step":0}