{"_timestamp":1.7653046525981865e+09,"_runtime":15078.227037825,"_step":0,"_wandb":{"runtime":15078},"final_dice":0.7891777061938821,"trial":8}