{"_runtime":4803.73493002,"_step":0,"final_dice":0.06016212398535294,"trial":2,"_wandb":{"runtime":4803},"_timestamp":1.765064211179587e+09}