{"_step":0,"_wandb":{"runtime":7432},"final_dice":0.8305414392370915,"trial":10,"_timestamp":1.765087543300415e+09,"_runtime":7431.65149611}