{"trial":12,"_timestamp":1.7644141525695417e+09,"_runtime":1506.06506982,"_wandb":{"runtime":1506},"_step":0,"final_dice":0.8344234699374886}