{"final_dice":0.8416121427670487,"trial":15,"_wandb":{"runtime":4786},"_timestamp":1.7648980605962625e+09,"_runtime":4785.722901016,"_step":0}