{"_wandb":{"runtime":4947},"final_dice":0.6130693721811057,"trial":17,"_timestamp":1.761514080797501e+09,"_runtime":4947.713229978,"_step":0}