{"final_dice":0.746744575830135,"trial":8,"_timestamp":1.7645000545943842e+09,"_runtime":22852.985025542,"_step":0,"_wandb":{"runtime":22853}}