{"_runtime":478.685324235,"_step":0,"final_dice":0.6065100032808508,"trial":6,"_wandb":{"runtime":478},"_timestamp":1.7623809894116395e+09}