{"trial":2,"_wandb":{"runtime":1},"_timestamp":1.7610350228961387e+09,"_runtime":1.550462638,"_step":0,"final_dice":0}