{"final_dice":0.7710798005055088,"trial":27,"_timestamp":1.7559025715984077e+09,"_runtime":398.213943462,"_step":0,"_wandb":{"runtime":398}}