{"_timestamp":1.764870061647021e+09,"_runtime":510.928745142,"_step":0,"_wandb":{"runtime":511},"final_dice":0.05846624925113807,"trial":5}