{"final_dice":0.6962419420832577,"trial":19,"_timestamp":1.7544143071519065e+09,"_runtime":7448.886946842,"_step":0,"_wandb":{"runtime":7454}}