{"_timestamp":1.7623982229076865e+09,"_runtime":1624.167389252,"_step":0,"_wandb":{"runtime":1624},"final_dice":0.36466405845257877,"trial":10}