{"final_dice":0.5230339147910543,"trial":21,"_wandb":{"runtime":936},"_timestamp":1.7626047093856719e+09,"_runtime":936.746864817,"_step":0}