{"_timestamp":1.7579006543915277e+09,"_runtime":1228.195470554,"_step":0,"_wandb":{"runtime":1228},"final_dice":0.4805227408784561,"trial":33}