{"trial":11,"_wandb":{"runtime":3982},"_timestamp":1.7649985394844036e+09,"_runtime":3982.217219484,"_step":0,"final_dice":0.8360995813742657}