{"_wandb":{"runtime":2200},"trial":38,"_timestamp":1.755920641330217e+09,"_runtime":2200.691078422,"_step":0,"final_dice":0.6619573859431507}