{"_timestamp":1.7624052399758961e+09,"_runtime":2266.427264622,"_step":0,"_wandb":{"runtime":2266},"final_dice":0.7538140218484362,"trial":21}