{"_wandb":{"runtime":786},"final_dice":0.7528849218999044,"trial":21,"_timestamp":1.7558964713548045e+09,"_runtime":786.629827979,"_step":0}