{"_step":0,"_wandb":{"runtime":3815},"final_dice":0.7891150297281883,"trial":5,"_timestamp":1.7650819579175012e+09,"_runtime":3815.045985876}