{"trial":11,"_timestamp":1.7645240792140958e+09,"_runtime":51.753638132,"_wandb":{"runtime":51},"_step":0,"final_dice":0.7862805184281954}