{"_runtime":29.210585261,"_step":0,"final_dice":0,"trial":5,"_timestamp":1.7603837719980004e+09,"_wandb":{"runtime":29}}