{"_timestamp":1.764682461370685e+09,"_wandb":{"runtime":2554},"_runtime":2553.986777839,"_step":0,"final_dice":0.3903035054754749,"trial":11}