{"_wandb":{"runtime":1614},"final_dice":0.7080263237112543,"trial":15,"_timestamp":1.7624033285986574e+09,"_runtime":1614.75522587,"_step":0}