{"_timestamp":1.7658402134856827e+09,"_runtime":34197.360012516,"_wandb":{"runtime":34198},"_step":0,"final_dice":0.7223439243538684,"trial":9}