{"_timestamp":1.7611849886549792e+09,"_runtime":14859.096540761,"_step":0,"_wandb":{"runtime":14859},"final_dice":0.18921600608927308,"trial":4}