{"_timestamp":1.7648650431650343e+09,"_wandb":{"runtime":4512},"_runtime":4172.502036669,"_step":0,"final_dice":0.830031105490996,"trial":1}