{"_timestamp":1.7648926119273539e+09,"_runtime":6315.800525711,"_step":0,"final_dice":0.6793586323397734,"trial":12,"_wandb":{"runtime":6316}}