{"_step":0,"final_dice":0.7466479746875098,"trial":21,"_timestamp":1.7561610508067126e+09,"_runtime":296.5710658,"_wandb":{"runtime":296}}