{"trial":8,"_timestamp":1.7650044678531783e+09,"_runtime":1945.286018032,"_step":0,"_wandb":{"runtime":1946},"final_dice":0.667791162050716}