{"trial":1,"_timestamp":1.7623686876247592e+09,"_runtime":4686.724806646,"_step":0,"_wandb":{"runtime":11871},"final_dice":0.5269481253708962}