{"_step":0,"_wandb":{"runtime":15281},"final_dice":0.786222072640519,"trial":5,"_timestamp":1.7657581815457485e+09,"_runtime":15280.884240596}