{"_runtime":727.394794942,"_step":0,"_wandb":{"runtime":727},"final_dice":0.7743168008690509,"trial":16,"_timestamp":1.762404056948447e+09}