{"final_dice":0.3726451119471493,"trial":9,"_timestamp":1.7561486310518458e+09,"_runtime":7403.529342518,"_step":0,"_wandb":{"runtime":7404}}