{"_runtime":480.305330521,"_step":0,"_wandb":{"runtime":480},"final_dice":0.0580518071060161,"trial":6,"_timestamp":1.7646705347062607e+09}