{"_wandb":{"runtime":6108},"_runtime":6107.871701744,"_step":0,"final_dice":0.18787993675345352,"trial":11,"_timestamp":1.7625792017536476e+09}