{"trial":0,"_timestamp":1.7648653831422627e+09,"_runtime":337.523839301,"_step":0,"_wandb":{"runtime":338},"final_dice":0.4814004601947993}