{"_wandb":{"runtime":2900},"_step":0,"final_dice":0.6463831751442626,"trial":8,"_timestamp":1.751538453616131e+09,"_runtime":2900.81643089}