{"final_dice":0.7710978008924142,"trial":28,"_timestamp":1.764741330968835e+09,"_runtime":3840.997950181,"_step":0,"_wandb":{"runtime":3841}}