{"_wandb":{"runtime":589},"final_dice":0.8222048733827775,"trial":13,"_timestamp":1.7648932038762126e+09,"_runtime":589.212426171,"_step":0}