{"_wandb":{"runtime":0},"final_dice":0,"trial":5,"_timestamp":1.7610351185667593e+09,"_runtime":0.726700439,"_step":0}