{"final_dice":0.9363961239777335,"trial":2,"_timestamp":1.7594882060891197e+09,"_runtime":205.478364414,"_wandb":{"runtime":254},"_step":0}