{"_timestamp":1.7579022307986543e+09,"_runtime":1315.812993678,"_step":0,"_wandb":{"runtime":1316},"final_dice":0.7437771606531075,"trial":36}