{"trial":5,"_timestamp":1.7612281138255928e+09,"_runtime":30412.883469493,"_step":0,"_wandb":{"runtime":30413},"final_dice":0.38618611111019496}