{"trial":23,"_timestamp":1.7647243265841255e+09,"_runtime":2326.952673142,"_step":0,"_wandb":{"runtime":2327},"final_dice":0.8506761875233733}