{"_step":0,"final_dice":0.24435873350698473,"trial":2,"_timestamp":1.761546340432367e+09,"_wandb":{"runtime":36464},"_runtime":36464.503510128}