{"_step":0,"final_dice":0.7686323941001189,"trial":29,"_timestamp":1.7647451435735717e+09,"_runtime":3811.222993709,"_wandb":{"runtime":3811}}