{"_step":0,"final_dice":0.39018847939873386,"trial":42,"_timestamp":1.7624463318002467e+09,"_runtime":1326.252310466,"_wandb":{"runtime":1326}}