{"final_dice":0.2331591290966621,"trial":27,"_timestamp":1.7647374883693154e+09,"_runtime":3426.792371824,"_step":0,"_wandb":{"runtime":3427}}