{"trial":4,"_timestamp":1.7657274013104632e+09,"_runtime":13688.501099538,"_step":0,"_wandb":{"runtime":13688},"final_dice":0.6602641968623011}