{"trial":18,"_timestamp":1.7625907057312498e+09,"_runtime":12657.733767847,"_wandb":{"runtime":12658},"_step":0,"final_dice":0.1543508192527901}