{"final_dice":0,"trial":1,"_timestamp":1.7649599329613743e+09,"_runtime":92.949987243,"_step":0,"_wandb":{"runtime":93}}