{"_timestamp":1.7515347077517283e+09,"_runtime":1951.809580978,"_step":0,"final_dice":0.06704397638699444,"_wandb":{"runtime":1952},"trial":2}