{"_step":1,"_wandb":{"runtime":15220},"final_dice":0.7996378952389729,"trial":19,"_timestamp":1.7660455008080382e+09,"_runtime":15220.125962904}