{"trial":26,"_timestamp":1.757895032547166e+09,"_runtime":215.950809061,"_step":0,"_wandb":{"runtime":215},"final_dice":0.7366877652379527}