{"_timestamp":1.7615091315449603e+09,"_runtime":4824.093223666,"_step":0,"final_dice":0.4414510208334447,"trial":13,"_wandb":{"runtime":4824}}