{"final_dice":0.3387422477079012,"trial":0,"_timestamp":1.7623702595728548e+09,"_runtime":12854.107000158,"_wandb":{"runtime":12854},"_step":0}