{"final_dice":0.6672609190833068,"trial":8,"_timestamp":1.765333820956105e+09,"_runtime":16194.646611681,"_step":0,"_wandb":{"runtime":16194}}