{"_runtime":16072.292696817,"_step":0,"_wandb":{"runtime":16072},"final_dice":0.7910574128991398,"trial":0,"_timestamp":1.7652214266725607e+09}