{"_step":0,"_wandb":{"runtime":3843},"final_dice":0.8430684176815908,"trial":36,"_timestamp":1.7647659122694628e+09,"_runtime":3842.435374263}