{"_timestamp":1.7645794738330874e+09,"_runtime":21472.567308705,"_step":0,"final_dice":0.7863200246632666,"_wandb":{"runtime":21473},"trial":13}