{"final_dice":0.3353137937774303,"trial":6,"_wandb":{"runtime":3882},"_timestamp":1.7650774111136544e+09,"_runtime":3881.656110976,"_step":0}