{"_wandb":{"runtime":5659},"_timestamp":1.76439865785378e+09,"_runtime":5659.652566479,"_step":0,"final_dice":0.8461168986999063,"trial":7}