{"_step":0,"_wandb":{"runtime":8250},"final_dice":0.7639980421943234,"trial":16,"_timestamp":1.7659297609721687e+09,"_runtime":8250.027530494}