{"_wandb":{"runtime":2661},"_runtime":2659.91797683,"_step":0,"final_dice":0.3032670737673728,"trial":3,"_timestamp":1.7623758723366005e+09}