{"_wandb":{"runtime":71685},"trial":0,"_timestamp":1.7624424467010727e+09,"_runtime":71685.101560633,"_step":0,"final_dice":0.5290405610560781}