{"_timestamp":1.762409627850492e+09,"_runtime":2241.435598587,"_step":0,"_wandb":{"runtime":2241},"final_dice":0.735932475182149,"trial":25}