{"final_dice":0.8287260117538924,"trial":16,"_timestamp":1.7650085163534968e+09,"_runtime":58.616416482,"_step":0,"_wandb":{"runtime":59}}