{"_timestamp":1.7561671813343709e+09,"_runtime":348.772870446,"_step":0,"_wandb":{"runtime":348},"final_dice":0.7272949952983538,"trial":27}