{"trial":14,"_timestamp":1.764893274012067e+09,"_runtime":68.724691499,"_step":0,"_wandb":{"runtime":68},"final_dice":0.8369963532785821}