{"_step":0,"final_dice":0.20667282115224758,"_wandb":{"runtime":2884},"trial":2,"_timestamp":1.7623778582296906e+09,"_runtime":2882.908721051}