{"_timestamp":1.7544011038818054e+09,"_runtime":1765.648277371,"_step":0,"_wandb":{"runtime":1765},"final_dice":0.5608980418461188,"trial":14}