{"_timestamp":1.7644942871754155e+09,"_runtime":2955.546495707,"_wandb":{"runtime":2955},"_step":1,"final_dice":0.8539491658585958,"trial":47}