{"_runtime":7961.939781057,"_step":0,"_wandb":{"runtime":7963},"final_dice":0.5404240650494427,"trial":12,"_timestamp":1.7625871655109959e+09}