{"_runtime":371.312163843,"_wandb":{"runtime":371},"_step":0,"final_dice":0.5739664025803141,"trial":30,"_timestamp":1.7559112145420184e+09}