{"final_dice":0.6791715089441844,"trial":17,"_timestamp":1.75440468318777e+09,"_runtime":905.022199266,"_step":0,"_wandb":{"runtime":905}}