{"_timestamp":1.7651109721602676e+09,"_runtime":38.979108601,"_step":0,"final_dice":0.46293770947256285,"_wandb":{"runtime":39},"trial":0}