{"_step":0,"_wandb":{"runtime":318},"final_dice":0.24310291072315832,"trial":4,"_timestamp":1.7515355518150785e+09,"_runtime":318.217706606}