{"final_dice":0.7183231390991632,"trial":27,"_timestamp":1.7515594210959327e+09,"_runtime":167.817518047,"_step":0,"_wandb":{"runtime":167}}