{"_step":0,"final_dice":0.8058631921824104,"_wandb":{"runtime":4354},"trial":7,"_timestamp":1.7648787453970366e+09,"_runtime":4354.190543826}