{"_wandb":{"runtime":1864},"_timestamp":1.7624086048081362e+09,"_runtime":1863.832209915,"_step":0,"final_dice":0.7269944124452321,"trial":19}