{"_runtime":4435.057061802,"_step":0,"_wandb":{"runtime":4435},"final_dice":0.7863321387651411,"trial":19,"_timestamp":1.764902498795798e+09}