{"_timestamp":1.7650069784071374e+09,"_wandb":{"runtime":16},"_runtime":14.794412817,"_step":0,"final_dice":0.8335498242971887,"trial":3}