{"trial":6,"_timestamp":1.7643929967056017e+09,"_wandb":{"runtime":3390},"_runtime":3390.322733099,"_step":0,"final_dice":0.8076309334671238}