{"_runtime":359.121389192,"_step":0,"final_dice":0.35644166513239367,"trial":17,"_wandb":{"runtime":359},"_timestamp":1.7625780470224397e+09}