{"final_dice":0.6962002756955129,"_wandb":{"runtime":7951},"trial":14,"_timestamp":1.7612476980024836e+09,"_runtime":7950.603583756,"_step":0}