{"_timestamp":1.764720809574663e+09,"_runtime":33605.403269878,"_wandb":{"runtime":33605},"_step":1,"final_dice":0.8002444444321879,"trial":23}