{"_runtime":849.672345631,"_step":0,"_wandb":{"runtime":849},"final_dice":0.6334678108204003,"trial":37,"_timestamp":1.75156590669796e+09}