{"_runtime":6056.553507107,"_step":0,"final_dice":0.557114676658747,"trial":7,"_wandb":{"runtime":6057},"_timestamp":1.7625652385731375e+09}