{"final_dice":0.6489134594685101,"trial":19,"_timestamp":1.765012149662771e+09,"_runtime":3631.853272977,"_step":3,"_wandb":{"runtime":3631}}