{"_runtime":3616.137554606,"_wandb":{"runtime":3616},"_step":0,"final_dice":0.7598508214017988,"trial":17,"_timestamp":1.7647079088307676e+09}