{"final_dice":0.7337444683753818,"trial":2,"_timestamp":1.7643801260555403e+09,"_runtime":788.742538499,"_wandb":{"runtime":788},"_step":0}