{"_step":0,"final_dice":0.8426322885849499,"trial":0,"_wandb":{"runtime":3966},"_timestamp":1.7649817038065393e+09,"_runtime":3966.762898996}