{"_wandb":{"runtime":5289},"final_dice":0.7884472196215176,"trial":14,"_timestamp":1.7650964263924868e+09,"_runtime":5287.683060412,"_step":0}