{"trial":6,"_timestamp":1.7623827473271952e+09,"_wandb":{"runtime":3479},"_runtime":3479.045768919,"_step":0,"final_dice":0.7494070544535615}