{"_runtime":1691.028635834,"_step":0,"final_dice":0.6714595894800072,"trial":26,"_timestamp":1.751558776046975e+09,"_wandb":{"runtime":1691}}