{"trial":47,"_timestamp":1.7579195986885817e+09,"_runtime":7348.699964777,"_step":3,"_wandb":{"runtime":7348},"final_dice":0.7114879299692574}