{"_wandb":{"runtime":13},"_runtime":11.859151493,"_step":0,"final_dice":0,"trial":2,"_timestamp":1.7648507397148902e+09}