{"_wandb":{"runtime":1590},"final_dice":0.8446156973301636,"trial":15,"_timestamp":1.7644248510286698e+09,"_runtime":1590.656124843,"_step":0}