{"_wandb":{"runtime":162},"_timestamp":1.759462512761756e+09,"_runtime":161.749479386,"_step":0,"final_dice":0.7725054569216011,"trial":2}