{"_wandb":{"runtime":5961},"trial":18,"_timestamp":1.7626411725142417e+09,"_runtime":5960.799561153,"_step":0,"final_dice":0.5518067629283566}