{"_runtime":9076.675071776,"_step":0,"_wandb":{"runtime":9077},"final_dice":0.7546135665732399,"trial":37,"_timestamp":1.7624391591207862e+09}