{"_wandb":{"runtime":1176},"_step":0,"final_dice":0.7478028562201922,"trial":28,"_timestamp":1.756168358710816e+09,"_runtime":1176.405250323}