{"_runtime":73.06232035,"_step":0,"final_dice":0.4644661751661569,"trial":9,"_timestamp":1.7515466639255512e+09,"_wandb":{"runtime":73}}