{"_timestamp":1.7649822286468635e+09,"_runtime":501.841462055,"_step":0,"final_dice":0.7743864673171057,"_wandb":{"runtime":521},"trial":1}