{"final_dice":0.08900726733930714,"trial":44,"_timestamp":1.7579082421408665e+09,"_runtime":1705.01264035,"_step":0,"_wandb":{"runtime":1705}}