{"_runtime":16356.110151473,"_step":0,"_wandb":{"runtime":16356},"final_dice":0.675861676072365,"trial":3,"_timestamp":1.7652380710621905e+09}