{"_timestamp":1.7625386304064355e+09,"_runtime":368.585977641,"_step":0,"final_dice":0.5132207377406182,"trial":10,"_wandb":{"runtime":368}}