{"final_dice":0.7766867114359178,"trial":13,"_timestamp":1.7645415194641256e+09,"_runtime":17439.363186366,"_wandb":{"runtime":17439},"_step":0}