{"_wandb":{"runtime":12},"_timestamp":1.7644849124335527e+09,"_runtime":12.068771061,"_step":0,"final_dice":0.8552238779775956,"trial":42}