{"final_dice":0.7625997354841507,"trial":47,"_timestamp":1.7544488137624042e+09,"_wandb":{"runtime":2926},"_runtime":2926.117103272,"_step":3}