{"final_dice":0,"trial":8,"_timestamp":1.7648510682408867e+09,"_runtime":36.03868987,"_step":0,"_wandb":{"runtime":36}}