{"_wandb":{"runtime":2145},"_timestamp":1.75440324851803e+09,"_runtime":2143.740398161,"_step":0,"final_dice":0.5040307580920995,"trial":15}