{"_runtime":805.059695793,"_step":0,"final_dice":0.6640964970068828,"_wandb":{"runtime":805},"trial":18,"_timestamp":1.7558934107566085e+09}