{"trial":13,"_timestamp":1.7650911353606818e+09,"_runtime":3588.679664915,"_step":0,"_wandb":{"runtime":3590},"final_dice":0.7886593929661037}