{"final_dice":0.6500879926179212,"trial":35,"_timestamp":1.7579009135458212e+09,"_runtime":254.574606927,"_step":0,"_wandb":{"runtime":254}}