{"_timestamp":1.7558971745137663e+09,"_runtime":702.204134505,"_step":0,"final_dice":0.7541054926853303,"trial":22,"_wandb":{"runtime":702}}