{"_timestamp":1.7626759541555464e+09,"_runtime":13000.464223309,"_step":1,"_wandb":{"runtime":13000},"final_dice":0.5098134032741126,"trial":23}