{"_timestamp":1.7650696242578306e+09,"_runtime":10.55635691,"_step":0,"final_dice":0.7197597675967832,"trial":4,"_wandb":{"runtime":11}}