{"final_dice":0.5933250543710724,"trial":41,"_wandb":{"runtime":1539},"_timestamp":1.7561806188857942e+09,"_runtime":1538.850406976,"_step":0}