{"_step":0,"_wandb":{"runtime":32832},"final_dice":0.7874009989277111,"trial":15,"_timestamp":1.7659842225705001e+09,"_runtime":32832.139780842}