{"final_dice":0.6746150193735968,"trial":3,"_timestamp":1.765110858691792e+09,"_runtime":199.045378477,"_step":0,"_wandb":{"runtime":200}}