{"_wandb":{"runtime":351},"final_dice":0.5546659427022751,"trial":0,"_timestamp":1.7578700691719968e+09,"_runtime":351.396111003,"_step":0}