{"trial":0,"_timestamp":1.7648507160353267e+09,"_runtime":98.271244735,"_step":0,"_wandb":{"runtime":99},"final_dice":0}