{"_runtime":1919.050010055,"_step":0,"_wandb":{"runtime":1919},"final_dice":0.7011350803752107,"trial":23,"_timestamp":1.7558990945440814e+09}