{"_runtime":22.815265888,"_step":0,"_wandb":{"runtime":24},"final_dice":0.7546476579242185,"trial":2,"_timestamp":1.7649950390125356e+09}