{"_runtime":55.374915797,"_step":0,"_wandb":{"runtime":55},"final_dice":0.34086787655705075,"trial":5,"_timestamp":1.754385369282899e+09}