{"_runtime":3716.926759604,"_step":0,"final_dice":0.8380994576968064,"_wandb":{"runtime":3717},"trial":12,"_timestamp":1.7650025201209128e+09}