{"trial":17,"_timestamp":1.7578869201602695e+09,"_runtime":376.379335448,"_step":0,"_wandb":{"runtime":376},"final_dice":0.7126043627832704}