{"_timestamp":1.7544384460561187e+09,"_wandb":{"runtime":505},"_runtime":505.062923411,"_step":0,"final_dice":0.70676901678556,"trial":35}