{"trial":9,"_timestamp":1.7650069617667587e+09,"_wandb":{"runtime":11},"_runtime":10.835383145,"_step":0,"final_dice":0.8119947816401845}