{"_runtime":12511.742708885,"_step":0,"final_dice":0.6883974373989834,"trial":4,"_wandb":{"runtime":12512},"_timestamp":1.7652591762302575e+09}