{"final_dice":0.6643705919142007,"trial":5,"_timestamp":1.7561169686718092e+09,"_wandb":{"runtime":3203},"_runtime":3203.250538398,"_step":0}