{"_wandb":{"runtime":1317},"final_dice":0.7247708373743125,"trial":36,"_timestamp":1.7561753691779702e+09,"_runtime":1317.786175521,"_step":0}