{"final_dice":0.28621732359582513,"trial":0,"_timestamp":1.7623784741291206e+09,"_runtime":613.478418866,"_wandb":{"runtime":613},"_step":0}