{"_wandb":{"runtime":494},"trial":40,"_timestamp":1.764481735618803e+09,"_runtime":494.722493421,"_step":0,"final_dice":0.7175095615633361}