{"_runtime":386.583076867,"_step":0,"_wandb":{"runtime":386},"final_dice":0.03975601295903724,"trial":10,"_timestamp":1.757884164676399e+09}