{"_runtime":46950.098810382,"_step":1,"_wandb":{"runtime":46950},"final_dice":0.7966232802292879,"trial":19,"_timestamp":1.7659845774024153e+09}