{"final_dice":0.1889735260417576,"trial":7,"_timestamp":1.7543860736721675e+09,"_runtime":703.480305381,"_step":0,"_wandb":{"runtime":703}}