{"_wandb":{"runtime":7657},"_step":0,"final_dice":0.7727383247627321,"trial":15,"_timestamp":1.7659215086056027e+09,"_runtime":7657.297251906}