{"_step":0,"final_dice":0.7105879521828242,"trial":12,"_wandb":{"runtime":408},"_timestamp":1.7544050926370707e+09,"_runtime":408.434381761}