{"_timestamp":1.7644378677683587e+09,"_runtime":3914.964803788,"_step":0,"_wandb":{"runtime":3914},"final_dice":0.43257085022199754,"trial":19}