{"_wandb":{"runtime":14756},"final_dice":0.7709331645230934,"trial":2,"_timestamp":1.7652325665800407e+09,"_runtime":14756.315088217,"_step":0}