{"_step":0,"final_dice":0.7125333920299353,"trial":40,"_timestamp":1.7579051405999982e+09,"_runtime":1324.08666184,"_wandb":{"runtime":1324}}