{"_runtime":3161.832647905,"_step":0,"final_dice":0.8246217404729708,"trial":41,"_wandb":{"runtime":3162},"_timestamp":1.7644848987305174e+09}