{"final_dice":0.41341623572233027,"trial":9,"_timestamp":1.762559179249808e+09,"_runtime":14153.30420174,"_wandb":{"runtime":14153},"_step":0}