{"_runtime":92.22685302,"_step":2,"_wandb":{"runtime":92},"final_dice":0.9231223716678831,"trial":4,"_timestamp":1.759488299185104e+09}