{"final_dice":0.7941975117676746,"_wandb":{"runtime":13854},"trial":12,"_timestamp":1.765903314364546e+09,"_runtime":13853.776885723,"_step":0}