{"final_dice":0.7184269960120453,"trial":31,"_timestamp":1.7578981305799854e+09,"_runtime":281.470132198,"_wandb":{"runtime":281},"_step":0}