{"_wandb":{"runtime":7862},"_step":0,"final_dice":0.7842925239322495,"trial":17,"_timestamp":1.7659376246378517e+09,"_runtime":7861.800531486}