{"_step":0,"_wandb":{"runtime":1990},"final_dice":0.5945251802582304,"trial":30,"_timestamp":1.7624222400804377e+09,"_runtime":1990.632523522}