{"_step":0,"final_dice":0.7355997265038252,"trial":26,"_timestamp":1.7544268397549975e+09,"_wandb":{"runtime":1489},"_runtime":1489.587730841}