{"_wandb":{"runtime":71},"trial":2,"_timestamp":1.7651109307437322e+09,"_runtime":69.691491933,"_step":0,"final_dice":0.7916320648588876}