{"_runtime":10521.757395133,"_step":3,"_wandb":{"runtime":10521},"final_dice":0.8049578876130109,"trial":47,"_timestamp":1.7647932233353364e+09}