{"_step":0,"_wandb":{"runtime":3226},"final_dice":0.8395666962175985,"trial":44,"_timestamp":1.764488140044884e+09,"_runtime":3226.520880184}