{"_runtime":3411.087834678,"_step":0,"final_dice":0.6637973821661187,"trial":15,"_timestamp":1.7612511110638793e+09,"_wandb":{"runtime":3411}}