{"_wandb":{"runtime":563},"_step":0,"final_dice":0.5514335683887999,"trial":15,"_timestamp":1.751549725306647e+09,"_runtime":563.8577388}