{"_wandb":{"runtime":1607},"trial":17,"_timestamp":1.7644339513213356e+09,"_runtime":1606.781699651,"_step":0,"final_dice":0.8037288561572675}