{"trial":0,"_timestamp":1.7643798999321582e+09,"_runtime":13664.970995186,"_step":0,"_wandb":{"runtime":39210},"final_dice":0.6747618907681816}