{"_timestamp":1.7544389910886576e+09,"_runtime":543.754494626,"_step":0,"final_dice":0.7245631931366394,"trial":36,"_wandb":{"runtime":545}}