{"_timestamp":1.764687202031934e+09,"_runtime":3415.454770267,"_step":0,"_wandb":{"runtime":3415},"final_dice":0.7912762221403866,"trial":21}