{"_step":0,"_wandb":{"runtime":7329},"final_dice":0.7848614509309723,"trial":12,"_timestamp":1.7658988880919273e+09,"_runtime":7328.97144888}