{"_timestamp":1.757895352448478e+09,"_runtime":318.987235116,"_step":0,"_wandb":{"runtime":319},"final_dice":0.7228603389247132,"trial":27}