{"_step":0,"final_dice":0.6531975616674675,"trial":1,"_timestamp":1.765073526881865e+09,"_runtime":343.274206901,"_wandb":{"runtime":344}}