{"_runtime":2559.556753244,"_wandb":{"runtime":2559},"_step":0,"final_dice":0.8415242081685069,"trial":35,"_timestamp":1.7647620680092099e+09}