{"_timestamp":1.76152644513187e+09,"_runtime":12011.773852527,"_step":3,"_wandb":{"runtime":12011},"final_dice":0.3817245349330425,"trial":19}