{"_timestamp":1.7657911280595562e+09,"_runtime":32944.61753234,"_step":0,"_wandb":{"runtime":32945},"final_dice":0.6892845967100325,"trial":7}