{"final_dice":0.22370303876839923,"trial":3,"_wandb":{"runtime":12404},"_timestamp":1.761215427868594e+09,"_runtime":4492.004143002,"_step":0}