{"_runtime":13629.345913691,"_wandb":{"runtime":13629},"_step":0,"final_dice":0.31258942712669235,"trial":3,"_timestamp":1.7656870167334526e+09}