{"_wandb":{"runtime":1588},"final_dice":0.6517695133164676,"trial":26,"_timestamp":1.7624112168973906e+09,"_runtime":1588.128216531,"_step":0}