{"_timestamp":1.7650010879866529e+09,"_runtime":40.239867021,"_step":0,"final_dice":0.625358912595526,"trial":6,"_wandb":{"runtime":41}}