{"final_dice":0,"trial":9,"_timestamp":1.76485101356484e+09,"_runtime":63.856252669,"_wandb":{"runtime":63},"_step":0}