{"trial":3,"_timestamp":1.7650731710008743e+09,"_runtime":447.366078934,"_step":0,"final_dice":0.7117738502243707,"_wandb":{"runtime":458}}