{"_timestamp":1.7612555522226562e+09,"_runtime":14173.959960182,"_wandb":{"runtime":14174},"_step":0,"final_dice":0,"trial":8}