{"final_dice":0.7269806497090726,"trial":3,"_wandb":{"runtime":16},"_timestamp":1.764386191540441e+09,"_runtime":16.665535124,"_step":0}