{"_step":0,"_wandb":{"runtime":595},"final_dice":0.766165692695057,"trial":11,"_timestamp":1.7623944853801212e+09,"_runtime":595.415902803}