{"_wandb":{"runtime":2},"trial":5,"_timestamp":1.7594220351127887e+09,"_runtime":1.937298824,"_step":2,"final_dice":0}