{"trial":2,"_timestamp":1.7561192592722948e+09,"_wandb":{"runtime":171},"_runtime":169.66511704,"_step":0,"final_dice":0.31143263107027197}