{"final_dice":0.7404162070610194,"trial":12,"_wandb":{"runtime":2938},"_timestamp":1.7646854008447654e+09,"_runtime":2938.242482775,"_step":0}