{"_timestamp":1.754382092090951e+09,"_runtime":6533.843489716,"_step":0,"_wandb":{"runtime":6541},"final_dice":0.6029157637217692,"trial":1}