{"_timestamp":1.7658915569720008e+09,"_runtime":8842.259124288,"_step":0,"_wandb":{"runtime":8842},"final_dice":0.7738001405546863,"trial":11}