{"_runtime":995.679047497,"_step":0,"_wandb":{"runtime":995},"final_dice":0.7434921911383353,"trial":25,"_timestamp":1.7578948157282765e+09}