{"_step":0,"final_dice":0.6546984544121092,"trial":32,"_timestamp":1.75156223760928e+09,"_runtime":170.463281203,"_wandb":{"runtime":170}}