{"_timestamp":1.7561740500188274e+09,"_runtime":510.878382366,"_step":0,"final_dice":0.7407637891114751,"_wandb":{"runtime":510},"trial":35}