{"_wandb":{"runtime":411},"final_dice":0.7414785090860493,"trial":19,"_timestamp":1.7624021987170372e+09,"_runtime":411.586080383,"_step":0}