{"_runtime":3087.587411278,"_wandb":{"runtime":3087},"_step":0,"final_dice":0.48248853620362997,"trial":4,"_timestamp":1.754385312731874e+09}