{"_runtime":242.507246849,"_step":0,"final_dice":0.7129131940629201,"trial":12,"_wandb":{"runtime":243},"_timestamp":1.7650135057535934e+09}