{"_timestamp":1.7623896172102082e+09,"_runtime":3984.2509126,"_step":0,"_wandb":{"runtime":3985},"final_dice":0.642676045918882,"trial":8}