{"_runtime":2453.932881352,"_step":0,"_wandb":{"runtime":2455},"final_dice":0.7192148583047533,"trial":1,"_timestamp":1.7561371948664975e+09}