{"_wandb":{"runtime":8541},"final_dice":0.718792904004796,"trial":38,"_timestamp":1.7624324679730399e+09,"_runtime":8540.637474516,"_step":0}