{"_runtime":1933.265128555,"_step":0,"_wandb":{"runtime":1933},"final_dice":0.8302221537912415,"trial":14,"_timestamp":1.765006536316897e+09}