{"_step":0,"final_dice":0.8315123043797752,"trial":13,"_wandb":{"runtime":4839},"_timestamp":1.764695236833327e+09,"_runtime":4838.600298232}