{"trial":8,"_timestamp":1.7625243694285212e+09,"_runtime":63612.602726735,"_step":0,"_wandb":{"runtime":63613},"final_dice":0}