{"trial":1,"_timestamp":1.764850726883672e+09,"_runtime":8.870753385,"_step":0,"_wandb":{"runtime":8},"final_dice":0}