{"_step":0,"_wandb":{"runtime":18404},"final_dice":0.47540555592684175,"trial":6,"_timestamp":1.7615839842665215e+09,"_runtime":18404.608649177}