{"final_dice":0.6742680964259531,"trial":13,"_timestamp":1.762399591841019e+09,"_runtime":628.663143511,"_step":0,"_wandb":{"runtime":628}}