{"_wandb":{"runtime":6242},"final_dice":0.8404014816754112,"trial":19,"_timestamp":1.7651033517165942e+09,"_runtime":6242.109097909,"_step":1}