{"_wandb":{"runtime":193},"_timestamp":1.7578921947566285e+09,"_runtime":193.829455178,"_step":0,"final_dice":0.36973126181530397,"trial":22}