{"_wandb":{"runtime":111},"_step":0,"final_dice":0.9289585317288547,"trial":4,"_timestamp":1.7594916745665097e+09,"_runtime":111.664792679}