{"_timestamp":1.7644077273997617e+09,"_runtime":4460.453907808,"_step":0,"final_dice":0.8510241001067782,"trial":9,"_wandb":{"runtime":4460}}