{"_timestamp":1.7559245817083895e+09,"_wandb":{"runtime":164},"_runtime":164.207233497,"_step":0,"final_dice":0.4082071621844744,"trial":42}