{"_wandb":{"runtime":2294},"trial":14,"_timestamp":1.7623963400517864e+09,"_runtime":2294.599945549,"_step":0,"final_dice":0.7504713309842004}