{"_timestamp":1.7645724107433615e+09,"_runtime":13406.947450953,"_step":0,"_wandb":{"runtime":13408},"final_dice":0.7986153220211322,"trial":12}