{"trial":12,"_wandb":{"runtime":769},"_timestamp":1.7650801099175873e+09,"_runtime":769.142685937,"_step":0,"final_dice":0.8100121833687924}