{"_wandb":{"runtime":398},"final_dice":0.699786875553856,"trial":24,"_timestamp":1.7558994942500863e+09,"_runtime":398.615852239,"_step":0}