{"_wandb":{"runtime":14045},"final_dice":0.19281638751236918,"trial":3,"_timestamp":1.761170126504788e+09,"_runtime":14043.414926816,"_step":0}