{"trial":11,"_timestamp":1.7615043062788014e+09,"_runtime":1.5035291229999999,"_step":0,"_wandb":{"runtime":1},"final_dice":0.2325421548473345}