{"trial":11,"_timestamp":1.762392814592042e+09,"_runtime":948.952136315,"_step":0,"_wandb":{"runtime":949},"final_dice":0.6241803393046487}