{"_step":0,"final_dice":0.7507385116029256,"_wandb":{"runtime":1286},"trial":28,"_timestamp":1.7578966393773217e+09,"_runtime":1286.082264393}