{"final_dice":0.5629015827266629,"trial":13,"_timestamp":1.7625930323181021e+09,"_runtime":5863.102128789,"_step":0,"_wandb":{"runtime":5863}}