{"_timestamp":1.7647209472112808e+09,"_runtime":18940.683914998,"_wandb":{"runtime":18941},"_step":0,"final_dice":0.34148805758839623,"trial":20}