{"_timestamp":1.7612947531145892e+09,"_wandb":{"runtime":39197},"_runtime":39196.994050837,"_step":1,"final_dice":0.06022671465344404,"trial":9}