{"_runtime":214.104775349,"_step":0,"_wandb":{"runtime":214},"final_dice":0.6317369987406461,"trial":36,"_timestamp":1.7515650559976938e+09}