{"_wandb":{"runtime":5238},"trial":9,"_timestamp":1.761500740818986e+09,"_runtime":5237.710161761,"_step":0,"final_dice":0.5579132475799458}