{"_wandb":{"runtime":247},"final_dice":0.18417000716306636,"trial":3,"_timestamp":1.7646645172052832e+09,"_runtime":246.76585677,"_step":0}