{"_timestamp":1.7651106561435955e+09,"_wandb":{"runtime":14799},"_runtime":14799.555518517,"_step":0,"final_dice":0.7848616399779828,"trial":1}