{"final_dice":0,"trial":9,"_timestamp":1.7543947693240442e+09,"_runtime":5922.227979117,"_step":0,"_wandb":{"runtime":5924}}