{"trial":27,"_timestamp":1.7624192248436863e+09,"_runtime":2217.516483769,"_step":0,"_wandb":{"runtime":2217},"final_dice":0.5911959706230179}