{"trial":4,"_timestamp":1.7561347393243277e+09,"_runtime":2242.358329351,"_step":0,"_wandb":{"runtime":2242},"final_dice":0.2967681454233856}