{"_wandb":{"runtime":675},"_step":0,"final_dice":0.5484955926105043,"trial":19,"_timestamp":1.7625913847445009e+09,"_runtime":675.936096773}