{"final_dice":0.6794522097174294,"trial":35,"_wandb":{"runtime":2359},"_timestamp":1.7624296049362895e+09,"_runtime":2358.966270908,"_step":0}