{"trial":17,"_timestamp":1.7624008211552541e+09,"_runtime":2310.42998993,"_step":0,"_wandb":{"runtime":2310},"final_dice":0.774976224002419}