{"_wandb":{"runtime":1875},"final_dice":0.6009888426170805,"trial":32,"_timestamp":1.7559142165440059e+09,"_runtime":1875.737549299,"_step":0}