{"_wandb":{"runtime":4464},"final_dice":0.766232894989885,"trial":16,"_timestamp":1.765096326333695e+09,"_runtime":4463.921958323,"_step":0}