{"_timestamp":1.7561409937087214e+09,"_runtime":226.849505279,"_wandb":{"runtime":226},"_step":0,"final_dice":0.6294529547530783,"trial":7}