{"_timestamp":1.7644591066426985e+09,"_runtime":10939.621088572,"_step":0,"_wandb":{"runtime":10939},"final_dice":0.17785181319781546,"trial":6}