{"trial":45,"_timestamp":1.764491329804671e+09,"_runtime":3184.921150425,"_step":0,"_wandb":{"runtime":3185},"final_dice":0.8540145203012677}