{"_runtime":2097.613106423,"_step":0,"_wandb":{"runtime":2097},"final_dice":0.4495278939638563,"trial":8,"_timestamp":1.7623848468132067e+09}