{"_timestamp":1.7624119860789046e+09,"_runtime":2075.138184517,"_step":0,"_wandb":{"runtime":2075},"final_dice":0.7527605580682529,"trial":22}