{"_step":0,"_wandb":{"runtime":2834},"final_dice":0.8526424461142083,"trial":23,"_timestamp":1.764454558604104e+09,"_runtime":2833.792081928}