{"_step":0,"_wandb":{"runtime":18428},"final_dice":0.7552264428038422,"trial":10,"_timestamp":1.764518484586882e+09,"_runtime":18427.579986022}