{"_timestamp":1.7658366485161605e+09,"_runtime":39368.768295806,"_step":0,"_wandb":{"runtime":39369},"final_dice":0.6882089215557268,"trial":8}