{"_wandb":{"runtime":3043},"final_dice":0.6931628169043409,"trial":11,"_timestamp":1.7558801781449418e+09,"_runtime":3043.307272793,"_step":0}