{"trial":0,"_timestamp":1.7646655403587146e+09,"_runtime":740.731085977,"_step":0,"_wandb":{"runtime":740},"final_dice":0.8005366929706865}