{"trial":44,"_wandb":{"runtime":1954},"_timestamp":1.7559274417910054e+09,"_runtime":1954.685383745,"_step":0,"final_dice":0.7565987261983792}