{"_runtime":28.095900073,"_step":0,"final_dice":0.43325706475376824,"trial":0,"_wandb":{"runtime":28},"_timestamp":1.7610773925511646e+09}