{"_wandb":{"runtime":636},"_step":0,"final_dice":0.7289138320089484,"trial":20,"_timestamp":1.7561607533574674e+09,"_runtime":635.989874409}