{"_timestamp":1.7625304999274576e+09,"_runtime":6450.08507673,"_step":0,"_wandb":{"runtime":6450},"final_dice":0.43033492420201847,"trial":4}