{"_runtime":1282.980627393,"_step":0,"final_dice":0.7280058454945081,"trial":3,"_timestamp":1.7652466632592642e+09,"_wandb":{"runtime":1283}}