{"_timestamp":1.7650744719758313e+09,"_runtime":1183.554968209,"_step":0,"_wandb":{"runtime":1183},"final_dice":0.3412583744351283,"trial":7}