{"final_dice":0.7864808985729838,"trial":2,"_wandb":{"runtime":31840},"_timestamp":1.7652699135259843e+09,"_runtime":31840.196052374,"_step":0}