{"_timestamp":1.755917310845716e+09,"_runtime":1921.937126063,"_step":0,"final_dice":0.737547998599849,"_wandb":{"runtime":1921},"trial":35}