{"_wandb":{"runtime":1575},"_runtime":1575.290609067,"_step":0,"final_dice":0.6497278708133971,"trial":34,"_timestamp":1.7624272443687122e+09}