{"trial":11,"_timestamp":1.7648862945938041e+09,"_runtime":4970.738562979,"_step":0,"_wandb":{"runtime":4971},"final_dice":0.83265036491709}