{"_wandb":{"runtime":30},"_runtime":30.209663253,"_step":0,"final_dice":0.7293230868559535,"trial":9,"_timestamp":1.7645072241067033e+09}