{"_runtime":13853.553430657,"_step":0,"final_dice":0.7932212208410467,"trial":14,"_wandb":{"runtime":13853},"_timestamp":1.7654327272236743e+09}