{"trial":33,"_timestamp":1.755914420374281e+09,"_runtime":202.463215753,"_step":0,"_wandb":{"runtime":202},"final_dice":0.6716769984814759}