{"trial":40,"_timestamp":1.7561790788117192e+09,"_wandb":{"runtime":1168},"_runtime":1168.067266847,"_step":0,"final_dice":0.7221502061061027}