{"_wandb":{"runtime":1089},"_step":0,"final_dice":0.5963668517886507,"trial":3,"_timestamp":1.7578697104454362e+09,"_runtime":1088.261884079}