{"_wandb":{"runtime":3676},"final_dice":0.6413663234908238,"trial":7,"_timestamp":1.764994503697873e+09,"_runtime":3675.431395572,"_step":0}