{"final_dice":0.7412640268831894,"trial":14,"_wandb":{"runtime":2723},"_timestamp":1.764697961932407e+09,"_runtime":2723.681520399,"_step":0}