{"_wandb":{"runtime":14008},"_step":0,"final_dice":0.797745430072511,"trial":7,"_timestamp":1.7653478304486845e+09,"_runtime":14007.189285455}