{"_step":0,"_wandb":{"runtime":349},"final_dice":0.4521162859029671,"trial":14,"_timestamp":1.7615144324839525e+09,"_runtime":349.593022241}