{"_step":0,"_wandb":{"runtime":3081},"final_dice":0.38506361920665155,"trial":7,"_timestamp":1.7578803153100169e+09,"_runtime":3080.653654485}