{"_step":0,"_wandb":{"runtime":1599},"final_dice":0.6628307083167797,"trial":43,"_timestamp":1.7624380119336593e+09,"_runtime":1599.589654495}