{"final_dice":0,"trial":3,"_timestamp":1.764850928496579e+09,"_runtime":78.965024756,"_wandb":{"runtime":80},"_step":0}