{"_wandb":{"runtime":3043},"final_dice":0.8093153425902616,"trial":5,"_timestamp":1.7646795911982985e+09,"_runtime":3043.488046899,"_step":0}