{"trial":5,"_timestamp":1.7644481660382392e+09,"_runtime":3027.082760916,"_wandb":{"runtime":3027},"_step":0,"final_dice":0.7032657246774795}