{"_wandb":{"runtime":1059},"_timestamp":1.7624072378292687e+09,"_runtime":1059.070081047,"_step":0,"final_dice":0.5218836743516029,"trial":23}