{"_runtime":634.77937598,"_step":0,"final_dice":0.7551943834922499,"trial":24,"_wandb":{"runtime":634},"_timestamp":1.7515561004640534e+09}