{"_runtime":254.814807566,"_step":0,"final_dice":0.7575867922883212,"trial":30,"_timestamp":1.7578978478641682e+09,"_wandb":{"runtime":254}}