{"_timestamp":1.7624607535705307e+09,"_wandb":{"runtime":13114},"_runtime":13113.894119863,"_step":0,"final_dice":0.561639224651604,"trial":9}