{"_timestamp":1.7610773586257052e+09,"_runtime":15138.638957124,"_step":0,"final_dice":0.09755308999470239,"trial":1,"_wandb":{"runtime":15141}}