{"final_dice":0.811019319973261,"trial":0,"_timestamp":1.7643857824909186e+09,"_runtime":12382.386062886,"_step":0,"_wandb":{"runtime":12384}}