{"final_dice":0.08929798220119402,"trial":4,"_wandb":{"runtime":263},"_timestamp":1.7612277258295946e+09,"_runtime":262.98444994,"_step":0}