{"_runtime":887.455040567,"_step":0,"_wandb":{"runtime":887},"final_dice":0.2935963098232269,"trial":12,"_timestamp":1.7561504024924498e+09}