{"_step":0,"final_dice":0,"_wandb":{"runtime":1},"trial":8,"_timestamp":1.7594220385453e+09,"_runtime":1.456267263}