{"_step":1,"_wandb":{"runtime":38065},"final_dice":0.7886530649912403,"trial":23,"_timestamp":1.764780669010337e+09,"_runtime":38065.740533334}