{"_wandb":{"runtime":907},"_step":0,"final_dice":0.7344362602285954,"trial":29,"_timestamp":1.756169266931295e+09,"_runtime":907.195820532}