{"final_dice":0.8225592584641418,"_wandb":{"runtime":504},"trial":8,"_timestamp":1.7650781415415332e+09,"_runtime":504.63811991,"_step":0}