{"trial":0,"_timestamp":1.765072709590211e+09,"_runtime":3926.057403143,"_step":0,"_wandb":{"runtime":3938},"final_dice":0.6273734345998763}