{"_runtime":15996.524497536,"_step":0,"final_dice":0.3869052050818064,"trial":6,"_wandb":{"runtime":15996},"_timestamp":1.7653014343501298e+09}