{"trial":4,"_timestamp":1.7644023139664156e+09,"_runtime":3466.064540123,"_step":0,"_wandb":{"runtime":3466},"final_dice":0.8259763621731653}