{"_timestamp":1.7561705330061727e+09,"_runtime":484.793850889,"_step":0,"_wandb":{"runtime":484},"final_dice":0.75464177261436,"trial":31}