{"trial":3,"_timestamp":1.7594220315710351e+09,"_runtime":19.737060657,"_step":3,"_wandb":{"runtime":19},"final_dice":0}