{"_wandb":{"runtime":6195},"_step":0,"final_dice":0.658692756704193,"trial":9,"_timestamp":1.7658428455358217e+09,"_runtime":6195.110150293}