{"trial":15,"_wandb":{"runtime":698},"_timestamp":1.7558879612067046e+09,"_runtime":698.160901963,"_step":0,"final_dice":0.7636784016171164}