{"trial":18,"_timestamp":1.7644414373254797e+09,"_runtime":3568.167768418,"_step":0,"_wandb":{"runtime":3568},"final_dice":0.8438879719694403}