{"final_dice":0.6929496964501042,"trial":5,"_timestamp":1.7515352324201322e+09,"_wandb":{"runtime":72},"_runtime":71.987646425,"_step":0}