{"_timestamp":1.764771478867388e+09,"_runtime":1093.910954641,"_step":0,"final_dice":0.8497850139369184,"trial":38,"_wandb":{"runtime":1093}}