{"_timestamp":1.7515570840891802e+09,"_runtime":673.291845956,"_step":0,"_wandb":{"runtime":673},"final_dice":0.7481087911926094,"trial":25}