{"_runtime":1620.483276528,"_step":0,"final_dice":0.6527613220170749,"trial":38,"_timestamp":1.7515675282898614e+09,"_wandb":{"runtime":1620}}