{"_timestamp":1.7624204431109087e+09,"_runtime":509.62105001,"_step":0,"_wandb":{"runtime":509},"final_dice":0.7466150938668483,"trial":35}