{"_wandb":{"runtime":0},"final_dice":0,"trial":7,"_timestamp":1.7610351206494095e+09,"_runtime":0.646274318,"_step":0}