{"_runtime":965.546829816,"_step":0,"final_dice":0.7595082015130217,"trial":34,"_timestamp":1.7559153876102505e+09,"_wandb":{"runtime":965}}