{"_timestamp":1.7644631577678704e+09,"_runtime":4049.406971167,"_step":0,"_wandb":{"runtime":4049},"final_dice":0.7687322125296906,"trial":7}