{"trial":4,"_timestamp":1.7623749735679293e+09,"_runtime":5305.035301944,"_step":0,"_wandb":{"runtime":5305},"final_dice":0.2856950710014966}