{"_wandb":{"runtime":1948},"final_dice":0.7582440805085829,"trial":26,"_timestamp":1.7559021719517136e+09,"_runtime":1948.414795394,"_step":0}