{"final_dice":0.5509912671893579,"trial":12,"_timestamp":1.7558841650905793e+09,"_runtime":272.575389391,"_step":0,"_wandb":{"runtime":272}}