{"final_dice":0.8046255396044574,"trial":19,"_wandb":{"runtime":4909},"_timestamp":1.7651016837003732e+09,"_runtime":4909.250696494,"_step":1}