{"_step":0,"final_dice":0.3972515966524328,"trial":41,"_wandb":{"runtime":1393},"_timestamp":1.7579065359175572e+09,"_runtime":1393.78935032}